lon1,lat1,lon2,lat2,highway,length_m
-3.1911343,55.9468608,-3.1912034,55.9468424,tertiary,4.76
-3.1912034,55.9468424,-3.19123,55.9468365,tertiary,1.78
-3.19123,55.9468365,-3.191258,55.9468343,tertiary,1.76
-3.191258,55.9468343,-3.1912859,55.9468363,tertiary,1.75
-3.1912859,55.9468363,-3.1913155,55.9468502,tertiary,2.41
-3.1913155,55.9468502,-3.1913421,55.9468705,tertiary,2.80
-3.1913421,55.9468705,-3.191806,55.9472844,tertiary,54.34
-3.191806,55.9472844,-3.1918236,55.9472953,tertiary,1.63
-3.1918236,55.9472953,-3.1918447,55.9473061,tertiary,1.78
-3.1918447,55.9473061,-3.1918725,55.9473177,tertiary,2.16
-3.1918725,55.9473177,-3.1921091,55.9474117,tertiary,18.06
-3.1921091,55.9474117,-3.1922916,55.9474694,tertiary,13.05
-3.1922916,55.9474694,-3.1926963,55.9475916,tertiary,28.63
-3.1926963,55.9475916,-3.1930265,55.9477064,tertiary,24.20
-3.1930265,55.9477064,-3.1932058,55.9477662,tertiary,12.99
-3.1932058,55.9477662,-3.193282,55.9478011,tertiary,6.13
-3.193282,55.9478011,-3.1933771,55.947838,tertiary,7.20
-3.1910881,55.9467879,-3.1911343,55.9468608,tertiary,8.60
-3.1909999,55.9462668,-3.1909784,55.9463201,tertiary_link,6.08
-3.1909784,55.9463201,-3.1909593,55.946351,tertiary_link,3.64
-3.1909593,55.946351,-3.1909357,55.9463832,tertiary_link,3.87
-3.1909357,55.9463832,-3.1909057,55.9464092,tertiary_link,3.44
-3.1909057,55.9464092,-3.190867,55.9464325,tertiary_link,3.54
-3.190867,55.9464325,-3.190813,55.9464476,tertiary_link,3.76
-3.190813,55.9464476,-3.1907474,55.9464561,tertiary_link,4.19
-3.1907474,55.9464561,-3.190699,55.9464588,tertiary_link,3.03
-3.190699,55.9464588,-3.1906495,55.9464583,tertiary_link,3.08
-3.1906745,55.94541,-3.1907785,55.9454061,tertiary_link,6.49
-3.1907785,55.9454061,-3.1908869,55.9454029,tertiary_link,6.76
-3.1908869,55.9454029,-3.1909558,55.9454059,tertiary_link,4.30
-3.1909558,55.9454059,-3.1910093,55.9454155,tertiary_link,3.50
-3.1910093,55.9454155,-3.1910457,55.9454264,tertiary_link,2.57
-3.1910457,55.9454264,-3.1910746,55.9454384,tertiary_link,2.24
-3.1910881,55.9467879,-3.190939,55.9466504,tertiary,17.89
-3.190939,55.9466504,-3.1908364,55.9465626,tertiary,11.67
-3.1908364,55.9465626,-3.1907738,55.9465246,tertiary,5.75
-3.1907738,55.9465246,-3.1906495,55.9464583,tertiary,10.69
-3.1909999,55.9462668,-3.1910132,55.9463299,tertiary,7.07
-3.1910132,55.9463299,-3.1910134,55.9463762,tertiary,5.15
-3.1910134,55.9463762,-3.1910124,55.9464611,tertiary,9.44
-3.1910124,55.9464611,-3.1910114,55.9465271,tertiary,7.34
-3.1910114,55.9465271,-3.19102,55.9465816,tertiary,6.08
-3.19102,55.9465816,-3.1910291,55.9466164,tertiary,3.91
-3.1910291,55.9466164,-3.1910386,55.9466491,tertiary,3.68
-3.1910386,55.9466491,-3.1910881,55.9467879,tertiary,15.74
-3.1892842,55.9459135,-3.1892474,55.945932,tertiary,3.08
-3.1892474,55.945932,-3.1892188,55.9459519,tertiary,2.84
-3.1892188,55.9459519,-3.18882,55.9462722,tertiary,43.42
-3.18882,55.9462722,-3.188735,55.9463337,tertiary,8.65
-3.1869614,55.9456435,-3.1869148,55.9455756,tertiary,8.09
-3.1869148,55.9455756,-3.1868773,55.945521,tertiary,6.50
-3.1868773,55.945521,-3.1868537,55.9454866,tertiary,4.10
-3.1868537,55.9454866,-3.1867745,55.9453713,tertiary,13.74
-3.1867745,55.9453713,-3.18662,55.9451464,tertiary,26.79
-3.18662,55.9451464,-3.1865212,55.9450147,tertiary,15.88
-3.1865212,55.9450147,-3.1864507,55.9449207,tertiary,11.34
-3.1864507,55.9449207,-3.1862862,55.9447015,tertiary,26.44
-3.1886139,55.9481139,-3.1884232,55.9477583,steps,41.29
-3.1916338,55.9452618,-3.1914284,55.945316,tertiary,14.14
-3.1914284,55.945316,-3.1913605,55.9453394,tertiary,4.96
-3.1913605,55.9453394,-3.1913159,55.9453601,tertiary,3.61
-3.1913159,55.9453601,-3.1912792,55.9453787,tertiary,3.08
-3.1912792,55.9453787,-3.1912526,55.9454018,tertiary,3.06
-3.1911599,55.9455907,-3.1910621,55.946004,tertiary,46.36
-3.1912832,55.9470926,-3.191179,55.9471151,unclassified,6.95
-3.191179,55.9471151,-3.1909927,55.9471581,unclassified,12.55
-3.1909927,55.9471581,-3.1905972,55.9472453,unclassified,26.47
-3.1905972,55.9472453,-3.1905483,55.9472603,unclassified,3.47
-3.1905483,55.9472603,-3.1904612,55.947287,unclassified,6.18
-3.1904612,55.947287,-3.1903156,55.9473316,unclassified,10.33
-3.1903156,55.9473316,-3.1894057,55.9475289,unclassified,60.75
-3.1894057,55.9475289,-3.1885576,55.9477127,unclassified,56.62
-3.1864767,55.9479946,-3.1866371,55.9479676,unclassified,10.43
-3.1866371,55.9479676,-3.1875877,55.9478098,unclassified,61.73
-3.1875877,55.9478098,-3.1882368,55.9476919,unclassified,42.49
-3.1882368,55.9476919,-3.1883922,55.9476979,unclassified,9.70
-3.1883922,55.9476979,-3.1885576,55.9477127,unclassified,10.43
-3.1884324,55.9477567,-3.1883922,55.9476979,unclassified,7.00
-3.1922916,55.9474694,-3.1922652,55.9474972,unclassified,3.50
-3.1922652,55.9474972,-3.1922247,55.9475279,unclassified,4.24
-3.1922247,55.9475279,-3.1921802,55.947553,unclassified,3.93
-3.1921802,55.947553,-3.192126,55.9475735,unclassified,4.07
-3.192126,55.9475735,-3.1920619,55.947591,unclassified,4.44
-3.1920619,55.947591,-3.1911862,55.9477875,unclassified,58.74
-3.1911862,55.9477875,-3.1910913,55.9478089,unclassified,6.37
-3.1879346,55.9468817,-3.1879698,55.9468986,unclassified,2.89
-3.1879698,55.9468986,-3.188082,55.9471318,unclassified,26.86
-3.188082,55.9471318,-3.1882127,55.9473648,unclassified,27.16
-3.186056,55.9471886,-3.1873396,55.9469723,unclassified,83.46
-3.1873396,55.9469723,-3.1879346,55.9468817,unclassified,38.39
-3.1862788,55.9458171,-3.18685,55.9456719,residential,39.06
-3.18685,55.9456719,-3.1869614,55.9456435,residential,7.62
-3.1882327,55.9454473,-3.1878367,55.9455066,pedestrian,25.52
-3.1878367,55.9455066,-3.1878003,55.9455124,pedestrian,2.36
-3.1874987,55.9463497,-3.1873371,55.9461488,tertiary,24.50
-3.1873371,55.9461488,-3.187235,55.9460154,tertiary,16.14
-3.187235,55.9460154,-3.187165,55.9459249,tertiary,10.97
-3.18882,55.9462722,-3.1889034,55.946306,residential,6.41
-3.1889034,55.946306,-3.1894455,55.9465322,residential,42.09
-3.1910621,55.946004,-3.1912718,55.9460126,service,13.09
-3.1912718,55.9460126,-3.1913932,55.9460182,service,7.58
-3.1913932,55.9460182,-3.1914568,55.9460201,service,3.97
-3.1914568,55.9460201,-3.1915138,55.9460204,service,3.55
-3.1915138,55.9460204,-3.1916025,55.9460194,service,5.52
-3.1916025,55.9460194,-3.1916385,55.9460199,service,2.24
-3.1916385,55.9460199,-3.1916786,55.9460204,service,2.50
-3.1916786,55.9460204,-3.1917577,55.9460234,service,4.94
-3.1917577,55.9460234,-3.191832,55.9460276,service,4.65
-3.191832,55.9460276,-3.1918913,55.9460374,service,3.85
-3.1918913,55.9460374,-3.1919445,55.9460512,service,3.65
-3.1914216,55.9425996,-3.1913437,55.9435733,pedestrian,108.38
-3.1913437,55.9435733,-3.1913139,55.943947,pedestrian,41.59
-3.1913139,55.943947,-3.1912945,55.9441946,pedestrian,27.56
-3.1912945,55.9441946,-3.1912615,55.9446272,pedestrian,48.15
-3.1912615,55.9446272,-3.1912407,55.9449001,pedestrian,30.37
-3.1912407,55.9449001,-3.1912319,55.944993,pedestrian,10.34
-3.1912319,55.944993,-3.1912103,55.9452427,pedestrian,27.80
-3.1876313,55.9463164,-3.1876876,55.9463678,footway,6.70
-3.1876876,55.9463678,-3.1877314,55.946399,footway,4.41
-3.1877314,55.946399,-3.1877655,55.9464166,footway,2.89
-3.1877655,55.9464166,-3.1878064,55.946433,footway,3.13
-3.1878064,55.946433,-3.1878454,55.9464453,footway,2.79
-3.1878454,55.9464453,-3.1878914,55.9464574,footway,3.16
-3.1878914,55.9464574,-3.1879452,55.9464679,footway,3.55
-3.1879452,55.9464679,-3.1880023,55.9464719,footway,3.58
-3.1884731,55.946306,-3.1879955,55.9464052,footway,31.72
-3.1879955,55.9464052,-3.1879707,55.9464077,footway,1.57
-3.1879707,55.9464077,-3.1879484,55.9464038,footway,1.45
-3.1879484,55.9464038,-3.1879057,55.9463846,footway,3.41
-3.1879057,55.9463846,-3.1878686,55.9463643,footway,3.23
-3.1878686,55.9463643,-3.1878186,55.9463299,footway,4.93
-3.1878186,55.9463299,-3.1877859,55.9463164,footway,2.53
-3.1877859,55.9463164,-3.1877477,55.9463096,footway,2.50
-3.1877477,55.9463096,-3.1876963,55.9463206,footway,3.43
-3.1876313,55.9463164,-3.1876963,55.9463206,steps,4.07
-3.1876313,55.9463164,-3.1875747,55.9462506,footway,8.12
-3.1875747,55.9462506,-3.1875154,55.9461695,footway,9.74
-3.1875154,55.9461695,-3.1873833,55.9459809,footway,22.53
-3.1873833,55.9459809,-3.1871739,55.9457017,footway,33.67
-3.1871739,55.9457017,-3.1871131,55.9456153,footway,10.33
-3.1878894,55.944828,-3.1881003,55.9447942,service,13.66
-3.1881003,55.9447942,-3.1894469,55.9445886,service,86.91
-3.1894469,55.9445886,-3.1900336,55.944498,service,37.90
-3.1900336,55.944498,-3.1901621,55.9444773,service,8.33
-3.187709,55.9466998,-3.1875865,55.9465987,footway,13.59
-3.1875865,55.9465987,-3.1874786,55.946526,footway,10.51
-3.1874786,55.946526,-3.1874043,55.9464327,footway,11.36
-3.1874043,55.9464327,-3.1872277,55.9461917,footway,28.97
-3.1872277,55.9461917,-3.187051,55.9459507,footway,28.97
-3.187051,55.9459507,-3.18685,55.9456719,footway,33.43
-3.1861305,55.9459898,-3.1861753,55.946015,residential,3.95
-3.1861753,55.946015,-3.1862009,55.9460269,residential,2.07
-3.1862009,55.9460269,-3.1862324,55.9460365,residential,2.23
-3.1862324,55.9460365,-3.1862738,55.9460432,residential,2.68
-3.1862738,55.9460432,-3.1863183,55.9460441,residential,2.77
-3.1863183,55.9460441,-3.1863646,55.9460383,residential,2.95
-3.1863646,55.9460383,-3.1865778,55.9459878,residential,14.41
-3.187798,55.9446592,-3.1878894,55.944828,unclassified,19.61
-3.1878894,55.944828,-3.1879582,55.9449564,unclassified,14.91
-3.1906495,55.9464583,-3.1905944,55.9464867,service,4.66
-3.1905944,55.9464867,-3.1899636,55.9466571,service,43.61
-3.1884874,55.9477401,-3.188673,55.948029,service,34.14
-3.188673,55.948029,-3.1893151,55.9478977,service,42.56
-3.1893151,55.9478977,-3.1894147,55.947948,service,8.35
-3.1894147,55.947948,-3.1895262,55.9479319,service,7.17
-3.191114,55.9452627,-3.1911164,55.9452806,cycleway,2.00
-3.1911164,55.9452806,-3.1911172,55.9452899,cycleway,1.04
-3.188016,55.9450596,-3.1878901,55.9450815,pedestrian,8.21
-3.1879582,55.9449564,-3.188016,55.9450596,pedestrian,12.03
-3.188016,55.9450596,-3.1880448,55.9451111,pedestrian,6.00
-3.1880448,55.9451111,-3.1881363,55.9452746,pedestrian,19.05
-3.1881363,55.9452746,-3.1882327,55.9454473,pedestrian,20.12
-3.1881003,55.9447942,-3.1881221,55.9448373,footway,4.98
-3.1881221,55.9448373,-3.1882298,55.9450178,footway,21.16
-3.1882298,55.9450178,-3.1882574,55.9450461,footway,3.59
-3.1882574,55.9450461,-3.1882711,55.9450565,footway,1.44
-3.1882711,55.9450565,-3.1882787,55.9450622,footway,0.79
-3.1882787,55.9450622,-3.1882984,55.9450743,footway,1.82
-3.1882984,55.9450743,-3.1883342,55.9450917,footway,2.95
-3.1883342,55.9450917,-3.188369,55.9451045,footway,2.59
-3.188369,55.9451045,-3.1883995,55.9451131,footway,2.13
-3.1883995,55.9451131,-3.1884377,55.9451209,footway,2.53
-3.1884377,55.9451209,-3.1884755,55.9451259,footway,2.42
-3.1884755,55.9451259,-3.1885107,55.9451283,footway,2.21
-3.1885107,55.9451283,-3.1886281,55.9451107,footway,7.57
-3.1894951,55.945887,-3.1894506,55.9458836,tertiary,2.80
-3.1894506,55.9458836,-3.1893935,55.9458868,tertiary,3.57
-3.1893935,55.9458868,-3.1893341,55.9458976,tertiary,3.89
-3.1893341,55.9458976,-3.1892842,55.9459135,tertiary,3.57
-3.1877242,55.9471925,-3.1877846,55.9471817,footway,3.95
-3.1878003,55.9455124,-3.1877068,55.9455262,service,6.02
-3.1877068,55.9455262,-3.1872216,55.9455976,service,31.24
-3.1872216,55.9455976,-3.1871131,55.9456153,service,7.04
-3.1871131,55.9456153,-3.1869614,55.9456435,service,9.95
-3.1906495,55.9464583,-3.1895315,55.9459047,tertiary,92.93
-3.1895315,55.9459047,-3.1894951,55.945887,tertiary,3.00
-3.1895213,55.9457756,-3.1895872,55.9457337,tertiary,6.21
-3.1895872,55.9457337,-3.1896653,55.94569,tertiary,6.87
-3.1896653,55.94569,-3.1897312,55.9456547,tertiary,5.68
-3.1897312,55.9456547,-3.1898002,55.9456217,tertiary,5.65
-3.1898002,55.9456217,-3.1898904,55.945582,tertiary,7.14
-3.1911203,55.9453248,-3.1916338,55.9452618,tertiary,32.73
-3.1912526,55.9454018,-3.1912312,55.945437,tertiary,4.13
-3.1912312,55.945437,-3.1912123,55.9454727,tertiary,4.14
-3.1912123,55.9454727,-3.1911899,55.9455243,tertiary,5.90
-3.1911899,55.9455243,-3.1911599,55.9455907,tertiary,7.62
-3.1898904,55.945582,-3.1899331,55.9455658,tertiary,3.21
-3.1899331,55.9455658,-3.1899854,55.9455505,tertiary,3.67
-3.1899854,55.9455505,-3.1900453,55.9455357,tertiary,4.08
-3.1900453,55.9455357,-3.1903803,55.9454694,tertiary,22.12
-3.1903803,55.9454694,-3.1906745,55.94541,tertiary,19.47
-3.1909137,55.945353,-3.1910677,55.9453315,tertiary,9.88
-3.1910677,55.9453315,-3.1911203,55.9453248,tertiary,3.36
-3.187165,55.9459249,-3.187051,55.9459507,service,7.66
-3.187051,55.9459507,-3.1870086,55.9459603,service,2.85
-3.1873396,55.9469723,-3.1873066,55.946919,service,6.27
-3.1867189,55.9475123,-3.1867418,55.9475085,service,1.49
-3.1867418,55.9475085,-3.1867664,55.9475044,service,1.60
-3.1867664,55.9475044,-3.186875,55.9474862,service,7.06
-3.1864143,55.9475633,-3.1867189,55.9475123,service,19.80
-3.1894951,55.945887,-3.1894792,55.9458613,tertiary,3.02
-3.1894792,55.9458613,-3.189477,55.9458459,tertiary,1.72
-3.1910746,55.9454384,-3.1910937,55.9454526,tertiary_link,1.98
-3.1910937,55.9454526,-3.1911155,55.945475,tertiary_link,2.84
-3.1911155,55.945475,-3.1911328,55.9454984,tertiary_link,2.82
-3.1911328,55.9454984,-3.1911479,55.945526,tertiary_link,3.21
-3.1911479,55.945526,-3.1911573,55.9455565,tertiary_link,3.44
-3.1911573,55.9455565,-3.1911599,55.9455907,tertiary_link,3.81
-3.1884426,55.9458373,-3.188361,55.9458016,steps,6.45
-3.188361,55.9458016,-3.1883241,55.9457854,steps,2.92
-3.1883241,55.9457854,-3.1882852,55.9457816,steps,2.46
-3.1882852,55.9457816,-3.1882313,55.945788,steps,3.43
-3.1886679,55.945192,-3.1886281,55.9451107,footway,9.37
-3.1886281,55.9451107,-3.1886246,55.9451035,footway,0.83
-3.1893089,55.9473904,-3.1892693,55.9473313,steps,7.02
-3.188551,55.9460926,-3.188556,55.9461269,footway,3.83
-3.188556,55.9461269,-3.1885322,55.9461522,footway,3.18
-3.1885322,55.9461522,-3.1884954,55.9461728,footway,3.24
-3.1884954,55.9461728,-3.1884732,55.9461926,footway,2.60
-3.1884732,55.9461926,-3.1884573,55.9462199,footway,3.19
-3.1884573,55.9462199,-3.1884731,55.946306,footway,9.62
-3.1880023,55.9464719,-3.1879995,55.9465055,footway,3.74
-3.191258,55.9468343,-3.1913637,55.9467609,service,10.48
-3.1913637,55.9467609,-3.1914942,55.9467188,service,9.38
-3.1914942,55.9467188,-3.1915519,55.9467008,service,4.11
-3.1915519,55.9467008,-3.1915605,55.9466791,service,2.47
-3.1915605,55.9466791,-3.1915807,55.9466542,service,3.04
-3.1879346,55.9468817,-3.1879551,55.946846,footway,4.17
-3.1879551,55.946846,-3.1879796,55.9466776,footway,18.79
-3.1886615,55.946272,-3.1890196,55.9459971,tertiary,37.84
-3.1890196,55.9459971,-3.1892097,55.9458493,tertiary,20.25
-3.1892097,55.9458493,-3.1892641,55.945807,tertiary,5.80
-3.1892641,55.945807,-3.1893117,55.94577,tertiary,5.07
-3.1893117,55.94577,-3.1894498,55.9456806,tertiary,13.14
-3.1894498,55.9456806,-3.1895029,55.9456503,tertiary,4.72
-3.1895029,55.9456503,-3.1895572,55.9456291,tertiary,4.12
-3.1895572,55.9456291,-3.1896173,55.9456112,tertiary,4.24
-3.1912832,55.9470926,-3.1916169,55.9476526,tertiary,65.64
-3.1892043,55.9457183,-3.1893117,55.94577,footway,8.82
-3.1893117,55.94577,-3.1893911,55.9458092,footway,6.59
-3.1893911,55.9458092,-3.1894853,55.945809,footway,5.87
-3.1869812,55.9473512,-3.1869525,55.9472974,steps,6.24
-3.1877037,55.9473508,-3.18781,55.9473332,steps,6.90
-3.18781,55.9473332,-3.1878442,55.9473275,steps,2.22
-3.1875737,55.9474851,-3.187604,55.9475421,steps,6.61
-3.1874709,55.9472692,-3.1874416,55.9472143,steps,6.37
-3.1870759,55.9475685,-3.1871061,55.9476251,steps,6.57
-3.1867418,55.9475085,-3.1867053,55.9474401,steps,7.94
-3.1867053,55.9474401,-3.1866787,55.9473903,steps,5.78
-3.1869138,55.9475585,-3.1868037,55.9475764,footway,7.14
-3.1868037,55.9475764,-3.1867801,55.9475803,footway,1.53
-3.1867801,55.9475803,-3.1867535,55.9475848,footway,1.73
-3.1866696,55.9475988,-3.1867535,55.9475848,steps,5.45
-3.1866843,55.9474436,-3.1867053,55.9474401,footway,1.36
-3.1867053,55.9474401,-3.1867309,55.9474358,footway,1.66
-3.1867309,55.9474358,-3.1868402,55.947414,footway,7.22
-3.1902641,55.9452675,-3.1903233,55.9453691,service,11.88
-3.1902116,55.9451703,-3.1901601,55.9450749,footway,11.08
-3.1901601,55.9450749,-3.1901102,55.9450811,footway,3.18
-3.1901102,55.9450811,-3.1900587,55.9450823,footway,3.21
-3.1900587,55.9450823,-3.1900116,55.945086,footway,2.96
-3.1900116,55.945086,-3.1898093,55.9451174,footway,13.07
-3.1898093,55.9451174,-3.1897625,55.9450219,footway,11.01
-3.1906003,55.9450003,-3.1906111,55.9450203,footway,2.32
-3.1903233,55.9453691,-3.1903542,55.9454234,service,6.34
-3.1903542,55.9454234,-3.1903803,55.9454694,service,5.37
-3.1866787,55.9473903,-3.1866751,55.947379,footway,1.28
-3.1866751,55.947379,-3.1866749,55.9473731,footway,0.66
-3.1866749,55.9473731,-3.1866764,55.9473665,footway,0.74
-3.1866764,55.9473665,-3.18668,55.94736,footway,0.76
-3.18668,55.94736,-3.1866861,55.9473532,footway,0.85
-3.1866861,55.9473532,-3.1866932,55.9473479,footway,0.74
-3.1866932,55.9473479,-3.1867031,55.9473426,footway,0.85
-3.1867031,55.9473426,-3.1867166,55.9473379,footway,0.99
-3.1867166,55.9473379,-3.1867327,55.9473348,footway,1.06
-3.1867327,55.9473348,-3.1869525,55.9472974,footway,14.30
-3.1869525,55.9472974,-3.1874416,55.9472143,footway,31.82
-3.1874416,55.9472143,-3.1876541,55.9471781,footway,13.83
-3.1876541,55.9471781,-3.1876742,55.9471784,footway,1.25
-3.1876742,55.9471784,-3.1876934,55.9471812,footway,1.24
-3.1876934,55.9471812,-3.1877119,55.9471867,footway,1.30
-3.1877119,55.9471867,-3.1877242,55.9471925,footway,1.00
-3.1877242,55.9471925,-3.1877343,55.9471994,footway,0.99
-3.1877343,55.9471994,-3.1877447,55.9472108,footway,1.42
-3.1877447,55.9472108,-3.18781,55.9473332,footway,14.20
-3.18781,55.9473332,-3.1878722,55.9474495,footway,13.50
-3.1878722,55.9474495,-3.187878,55.9474618,footway,1.41
-3.187878,55.9474618,-3.1878771,55.9474733,footway,1.28
-3.1878771,55.9474733,-3.1878723,55.9474822,footway,1.03
-3.1878723,55.9474822,-3.1878664,55.9474883,footway,0.77
-3.1878664,55.9474883,-3.1878576,55.9474945,footway,0.88
-3.1878576,55.9474945,-3.187845,55.9475003,footway,1.02
-3.187845,55.9475003,-3.1878208,55.9475059,footway,1.63
-3.1878208,55.9475059,-3.187604,55.9475421,footway,14.09
-3.187604,55.9475421,-3.1871061,55.9476251,footway,32.35
-3.1871061,55.9476251,-3.1868752,55.9476647,footway,15.04
-3.1868752,55.9476647,-3.1868631,55.9476642,footway,0.76
-3.1868631,55.9476642,-3.1868519,55.9476626,footway,0.72
-3.1868519,55.9476626,-3.1868374,55.9476586,footway,1.01
-3.1868374,55.9476586,-3.1868256,55.947653,footway,0.96
-3.1868256,55.947653,-3.1868185,55.947648,footway,0.71
-3.1868185,55.947648,-3.1868128,55.9476421,footway,0.75
-3.1868128,55.9476421,-3.1867964,55.9476109,footway,3.62
-3.1867418,55.9475085,-3.1867801,55.9475803,steps,8.33
-3.1867801,55.9475803,-3.1867964,55.9476109,steps,3.55
-3.188735,55.9463337,-3.1885453,55.9464695,tertiary,19.17
-3.1885453,55.9464695,-3.1884925,55.9465087,tertiary,5.46
-3.1884925,55.9465087,-3.1884274,55.9465442,tertiary,5.66
-3.1884274,55.9465442,-3.1883423,55.9465799,tertiary,6.62
-3.1883423,55.9465799,-3.1882587,55.9466046,tertiary,5.89
-3.1882587,55.9466046,-3.1881568,55.9466226,tertiary,6.65
-3.1881568,55.9466226,-3.1880509,55.9466279,tertiary,6.62
-3.1880509,55.9466279,-3.1879619,55.9466288,tertiary,5.54
-3.1879619,55.9466288,-3.1878901,55.9466226,tertiary,4.52
-3.1878901,55.9466226,-3.1878194,55.9466094,tertiary,4.64
-3.1878194,55.9466094,-3.1877385,55.9465825,tertiary,5.86
-3.1877385,55.9465825,-3.1876725,55.9465528,tertiary,5.27
-3.1876725,55.9465528,-3.1876153,55.9465131,tertiary,5.67
-3.1876153,55.9465131,-3.1875764,55.9464752,tertiary,4.86
-3.1875764,55.9464752,-3.1875422,55.9464261,tertiary,5.86
-3.1875422,55.9464261,-3.1874987,55.9463497,tertiary,8.92
-3.1874987,55.9463497,-3.1875878,55.9464105,tertiary,8.75
-3.1875878,55.9464105,-3.1876452,55.9464452,tertiary,5.26
-3.1876452,55.9464452,-3.1876992,55.9464778,tertiary,4.94
-3.1876992,55.9464778,-3.1877651,55.9465093,tertiary,5.39
-3.1877651,55.9465093,-3.1878335,55.9465345,tertiary,5.10
-3.1878335,55.9465345,-3.1879109,55.946551,tertiary,5.16
-3.1879109,55.946551,-3.1879925,55.9465597,tertiary,5.17
-3.1879925,55.9465597,-3.1880891,55.9465576,tertiary,6.02
-3.1880891,55.9465576,-3.188165,55.9465488,tertiary,4.83
-3.188165,55.9465488,-3.1882539,55.9465267,tertiary,6.06
-3.1882539,55.9465267,-3.1883286,55.9464951,tertiary,5.83
-3.1883286,55.9464951,-3.1884005,55.9464559,tertiary,6.25
-3.1884005,55.9464559,-3.1884916,55.946392,tertiary,9.09
-3.1884916,55.946392,-3.1886615,55.946272,tertiary,17.03
-3.1897625,55.9450219,-3.1891413,55.9451184,footway,40.14
-3.1891413,55.9451184,-3.1890527,55.9451322,footway,5.73
-3.1890527,55.9451322,-3.1886679,55.945192,footway,24.87
-3.1886679,55.945192,-3.1881363,55.9452746,footway,34.35
-3.1896065,55.9447074,-3.1897496,55.9449958,footway,33.28
-3.1897496,55.9449958,-3.1897625,55.9450219,footway,3.01
-3.189477,55.9458459,-3.1894853,55.945809,tertiary,4.14
-3.1894853,55.945809,-3.1895213,55.9457756,tertiary,4.34
-3.1882127,55.9473648,-3.1882326,55.9474003,unclassified,4.14
-3.1882326,55.9474003,-3.1883922,55.9476979,unclassified,34.55
-3.188022,55.947142,-3.188082,55.9471318,footway,3.90
-3.1877846,55.9471817,-3.188022,55.947142,corridor,15.43
-3.1864737,55.9476316,-3.1866696,55.9475988,footway,12.73
-3.1863971,55.9474916,-3.1865978,55.9474581,footway,13.04
-3.1865978,55.9474581,-3.1866843,55.9474436,steps,5.62
-3.1906111,55.9450203,-3.1906241,55.9450444,steps,2.80
-3.1906431,55.944839,-3.1906991,55.9448307,steps,3.61
-3.1906252,55.9449961,-3.1909359,55.94495,corridor,20.01
-3.190294,55.9447446,-3.1903315,55.9448205,footway,8.76
-3.1909359,55.94495,-3.1909959,55.9449402,footway,3.89
-3.1909959,55.9449402,-3.1912407,55.9449001,footway,15.88
-3.1906241,55.9450444,-3.1906518,55.9450958,footway,5.97
-3.1906518,55.9450958,-3.1906313,55.9450992,footway,1.33
-3.1906313,55.9450992,-3.1905387,55.9451149,footway,6.02
-3.1901601,55.9450749,-3.1906003,55.9450003,footway,28.64
-3.1906003,55.9450003,-3.1906252,55.9449961,footway,1.62
-3.1905387,55.9451149,-3.1902711,55.9451602,service,17.41
-3.1902711,55.9451602,-3.1902116,55.9451703,service,3.87
-3.1902116,55.9451703,-3.1902641,55.9452675,service,11.29
-3.1872277,55.9461917,-3.1869518,55.9462582,footway,18.70
-3.1869518,55.9462582,-3.1869353,55.946262,footway,1.11
-3.1868739,55.9462787,-3.1869353,55.946262,steps,4.25
-3.1868739,55.9462787,-3.1865153,55.94635,footway,23.69
-3.1878367,55.9455066,-3.1877878,55.9454229,footway,9.79
-3.1872346,55.946802,-3.1871136,55.9466032,service,23.35
-3.1873066,55.946919,-3.1872346,55.946802,service,13.76
-3.1926779,55.94612,-3.1912773,55.9464471,footway,94.49
-3.1912773,55.9464471,-3.1915519,55.9467008,footway,32.99
-3.1885576,55.9477127,-3.1884874,55.9477401,unclassified,5.33
-3.1884874,55.9477401,-3.1884324,55.9477567,unclassified,3.89
-3.1884324,55.9477567,-3.1884232,55.9477583,unclassified,0.60
-3.1884232,55.9477583,-3.1876386,55.9478988,unclassified,51.29
-3.1899006,55.9473904,-3.1898611,55.947333,pedestrian,6.84
-3.1898611,55.947333,-3.1898268,55.9472832,pedestrian,5.94
-3.1898268,55.9472832,-3.1897836,55.9472204,pedestrian,7.48
-3.1897836,55.9472204,-3.1896514,55.9472489,pedestrian,8.82
-3.1896514,55.9472489,-3.1892693,55.9473313,pedestrian,25.49
-3.1892693,55.9473313,-3.1892212,55.9473417,pedestrian,3.21
-3.1892212,55.9473417,-3.1892733,55.9474175,pedestrian,9.03
-3.1892733,55.9474175,-3.1891331,55.947449,pedestrian,9.41
-3.1891331,55.947449,-3.1889783,55.9474837,pedestrian,10.38
-3.1889783,55.9474837,-3.1889249,55.9474062,pedestrian,9.24
-3.1889249,55.9474062,-3.1888488,55.9474221,pedestrian,5.06
-3.1888488,55.9474221,-3.1887646,55.9474402,pedestrian,5.62
-3.1887646,55.9474402,-3.1888092,55.947505,pedestrian,7.72
-3.1888092,55.947505,-3.1888816,55.9476102,pedestrian,12.54
-3.1888816,55.9476102,-3.1893857,55.9475015,pedestrian,33.63
-3.1893857,55.9475015,-3.1899006,55.9473904,pedestrian,34.36
-3.1911551,55.9453782,-3.1910906,55.9454264,footway,6.70
-3.1909137,55.945353,-3.1909452,55.9453054,cycleway,5.64
-3.1909452,55.9453054,-3.1909569,55.9452898,cycleway,1.88
-3.1909569,55.9452898,-3.191114,55.9452627,cycleway,10.24
-3.1882984,55.9450743,-3.1881435,55.9450966,footway,9.96
-3.1881435,55.9450966,-3.1880448,55.9451111,footway,6.35
-3.191227,55.9478473,-3.1911862,55.9477875,footway,7.12
-3.1896173,55.9456112,-3.1896841,55.945597,tertiary,4.45
-3.1896841,55.945597,-3.1897578,55.9455874,tertiary,4.71
-3.1897578,55.9455874,-3.189826,55.9455836,tertiary,4.27
-3.189826,55.9455836,-3.1898904,55.945582,tertiary,4.01
-3.1896173,55.9456112,-3.1896979,55.9455734,cycleway,6.55
-3.1896979,55.9455734,-3.1898132,55.9455482,cycleway,7.71
-3.1898132,55.9455482,-3.1899225,55.9455354,cycleway,6.95
-3.1899225,55.9455354,-3.1900453,55.9455357,cycleway,7.65
-3.1893911,55.9458092,-3.1893935,55.9458868,footway,8.63
-3.1889189,55.9455399,-3.1889345,55.9455392,steps,0.97
-3.1889345,55.9455392,-3.1889416,55.9455506,steps,1.34
-3.1889416,55.9455506,-3.1889556,55.9455601,steps,1.37
-3.1889556,55.9455601,-3.188975,55.9455658,steps,1.36
-3.188975,55.9455658,-3.1889967,55.9455669,steps,1.36
-3.1889967,55.9455669,-3.1890192,55.9455631,steps,1.46
-3.1890662,55.9455699,-3.1890535,55.9455642,steps,1.01
-3.1890535,55.9455642,-3.1890293,55.9455754,steps,1.95
-3.1890293,55.9455754,-3.1889993,55.9455806,steps,1.96
-3.1889993,55.9455806,-3.1889679,55.945579,steps,1.96
-3.1889679,55.945579,-3.1889401,55.9455707,steps,1.96
-3.1889401,55.9455707,-3.1889201,55.9455572,steps,1.95
-3.1889201,55.9455572,-3.1889108,55.9455403,steps,1.97
-3.1889565,55.9455,-3.1889835,55.9454953,steps,1.76
-3.1889835,55.9454953,-3.1890117,55.9454968,steps,1.76
-3.1890117,55.9454968,-3.1890367,55.9455042,steps,1.76
-3.1890367,55.9455042,-3.1890547,55.9455164,steps,1.76
-3.1888945,55.9455413,-3.1889108,55.9455403,footway,1.02
-3.1889108,55.9455403,-3.1889189,55.9455399,footway,0.51
-3.1889189,55.9455399,-3.1889216,55.9455241,footway,1.76
-3.1889216,55.9455241,-3.1889348,55.9455101,footway,1.76
-3.1889348,55.9455101,-3.1889565,55.9455,footway,1.76
-3.1889565,55.9455,-3.1889449,55.9454879,footway,1.53
-3.1900359,55.9451359,-3.1900179,55.9450989,service,4.26
-3.1900179,55.9450989,-3.1900116,55.945086,service,1.49
-3.1900116,55.945086,-3.1900054,55.9450732,service,1.47
-3.1900054,55.9450732,-3.19009,55.94506,service,5.47
-3.19009,55.94506,-3.1900919,55.9450639,service,0.45
-3.1900919,55.9450639,-3.1901187,55.9450597,service,1.73
-3.1901187,55.9450597,-3.1901455,55.9450556,service,1.73
-3.1901455,55.9450556,-3.1901436,55.9450517,service,0.45
-3.1901436,55.9450517,-3.1906163,55.9449787,service,30.53
-3.1906163,55.9449787,-3.1906252,55.9449961,service,2.01
-3.1906252,55.9449961,-3.1907272,55.9451942,service,22.93
-3.1907272,55.9451942,-3.1907048,55.9451982,service,1.46
-3.1907048,55.9451982,-3.190689,55.945201,service,1.03
-3.190689,55.945201,-3.1903306,55.9452649,service,23.42
-3.1903306,55.9452649,-3.1903258,55.9452565,service,0.98
-3.1903258,55.9452565,-3.1902641,55.9452675,service,4.03
-3.1902641,55.9452675,-3.1902334,55.9452729,service,2.00
-3.1902334,55.9452729,-3.1901977,55.9452789,service,2.32
-3.1901977,55.9452789,-3.1902023,55.9452877,service,1.02
-3.1902023,55.9452877,-3.1901484,55.945297,service,3.51
-3.1901484,55.945297,-3.1900866,55.9451888,service,12.63
-3.1900866,55.9451888,-3.1901082,55.9451852,service,1.40
-3.1901082,55.9451852,-3.1900905,55.9451511,service,3.95
-3.1900905,55.9451511,-3.190079,55.9451528,service,0.74
-3.190079,55.9451528,-3.1900705,55.9451475,service,0.79
-3.1900705,55.9451475,-3.1900602,55.9451427,service,0.83
-3.1900602,55.9451427,-3.1900493,55.9451388,service,0.81
-3.1900493,55.9451388,-3.1900359,55.9451359,service,0.89
-3.1883371,55.9467091,-3.1888145,55.9463725,footway,47.80
-3.1888145,55.9463725,-3.1889034,55.946306,footway,9.24
-3.1881508,55.9467462,-3.1882539,55.9467373,pedestrian,6.50
-3.1882539,55.9467373,-3.1882717,55.9467646,pedestrian,3.23
-3.1882717,55.9467646,-3.1883212,55.9468284,pedestrian,7.73
-3.1883212,55.9468284,-3.1883547,55.9468727,pedestrian,5.35
-3.1883547,55.9468727,-3.1882803,55.946889,pedestrian,4.97
-3.1882803,55.946889,-3.1882777,55.9468851,pedestrian,0.46
-3.1882777,55.9468851,-3.1881915,55.9469025,pedestrian,5.71
-3.1881915,55.9469025,-3.1880629,55.9469293,pedestrian,8.54
-3.1880629,55.9469293,-3.1880304,55.9469348,pedestrian,2.11
-3.1880304,55.9469348,-3.1879982,55.9468793,pedestrian,6.49
-3.1879982,55.9468793,-3.1879848,55.9468673,pedestrian,1.57
-3.1879848,55.9468673,-3.1879763,55.9468601,pedestrian,0.96
-3.1879763,55.9468601,-3.1879673,55.9468522,pedestrian,1.04
-3.1879673,55.9468522,-3.1879551,55.946846,pedestrian,1.03
-3.1879551,55.946846,-3.1879318,55.946843,pedestrian,1.49
-3.1879318,55.946843,-3.1877568,55.9468712,pedestrian,11.34
-3.1877568,55.9468712,-3.1877406,55.9468491,pedestrian,2.66
-3.1877406,55.9468491,-3.1877203,55.9468143,pedestrian,4.07
-3.1877203,55.9468143,-3.1876659,55.9467315,pedestrian,9.81
-3.1876659,55.9467315,-3.1876753,55.9467254,pedestrian,0.90
-3.1876753,55.9467254,-3.1876951,55.9467028,pedestrian,2.80
-3.1876951,55.9467028,-3.187709,55.9466998,pedestrian,0.93
-3.187709,55.9466998,-3.1877397,55.9466931,pedestrian,2.05
-3.1877397,55.9466931,-3.187774,55.9467193,pedestrian,3.61
-3.187774,55.9467193,-3.187812,55.9466728,pedestrian,5.69
-3.187812,55.9466728,-3.1879796,55.9466776,pedestrian,10.45
-3.1879796,55.9466776,-3.1881374,55.9466821,pedestrian,9.84
-3.1881374,55.9466821,-3.1881508,55.9467462,pedestrian,7.18
-3.1879995,55.9465055,-3.1879796,55.9466776,footway,19.18
-3.1876262,55.945219,-3.1875856,55.9451382,pedestrian,9.33
-3.1875856,55.9451382,-3.1873638,55.9451732,pedestrian,14.35
-3.1873638,55.9451732,-3.1873749,55.9451932,pedestrian,2.33
-3.1873749,55.9451932,-3.1872324,55.9452164,pedestrian,9.24
-3.1872324,55.9452164,-3.1871223,55.9452344,pedestrian,7.14
-3.1871223,55.9452344,-3.1869788,55.9450572,pedestrian,21.64
-3.1869788,55.9450572,-3.1870969,55.9450376,pedestrian,7.67
-3.1870969,55.9450376,-3.1875592,55.9449609,pedestrian,30.02
-3.1875592,55.9449609,-3.1876284,55.9450879,pedestrian,14.76
-3.1876284,55.9450879,-3.1876768,55.9451768,pedestrian,10.33
-3.1876768,55.9451768,-3.1876935,55.9452075,pedestrian,3.57
-3.1876935,55.9452075,-3.1876595,55.9452133,pedestrian,2.21
-3.1876595,55.9452133,-3.1876262,55.945219,pedestrian,2.17
-3.1872216,55.9455976,-3.1871681,55.9455338,footway,7.84
-3.1911343,55.9468608,-3.1912832,55.9470926,tertiary,27.39
-3.1876981,55.9452836,-3.1876595,55.9452133,steps,8.18
-3.1877341,55.9453553,-3.1876981,55.9452836,footway,8.28
-3.1877341,55.9453553,-3.1877878,55.9454229,steps,8.23
-3.1951023,55.9449746,-3.1949479,55.9449677,footway,9.64
-3.1949479,55.9449677,-3.1948227,55.9449739,footway,7.83
-3.1948227,55.9449739,-3.1936628,55.9451003,footway,73.58
-3.1936628,55.9451003,-3.1933111,55.9451387,footway,22.31
-3.1933111,55.9451387,-3.1915442,55.9453346,footway,112.16
-3.1915442,55.9453346,-3.1914346,55.9453671,footway,7.72
-3.1914346,55.9453671,-3.191353,55.9453966,footway,6.05
-3.191353,55.9453966,-3.1913253,55.9454181,footway,2.95
-3.1913253,55.9454181,-3.1911899,55.9455243,footway,14.51
-3.1913253,55.9454181,-3.191309,55.9454134,footway,1.14
-3.191309,55.9454134,-3.1912526,55.9454018,footway,3.74
-3.188461,55.9450846,-3.1883995,55.9451131,footway,4.97
-3.188461,55.9450846,-3.1883399,55.9450547,steps,8.24
-3.1883399,55.9450547,-3.1882711,55.9450565,footway,4.29
-3.1886246,55.9451035,-3.1886095,55.9450726,steps,3.56
-3.1886281,55.9451107,-3.1886681,55.9451048,footway,2.58
-3.1886681,55.9451048,-3.1887167,55.9451065,footway,3.03
-3.1887167,55.9451065,-3.1887791,55.9450975,steps,4.01
-3.1884731,55.946306,-3.188383,55.9463647,footway,8.61
-3.188383,55.9463647,-3.1883039,55.9464075,footway,6.85
-3.1883039,55.9464075,-3.1882158,55.946443,footway,6.76
-3.1882158,55.946443,-3.1881654,55.9464568,footway,3.49
-3.1881654,55.9464568,-3.1881102,55.9464675,footway,3.64
-3.1881102,55.9464675,-3.1880569,55.9464715,footway,3.35
-3.1880569,55.9464715,-3.1880023,55.9464719,footway,3.40
-3.1878916,55.9462959,-3.1877477,55.9463096,footway,9.09
-3.1883698,55.9461779,-3.1884954,55.9461728,footway,7.84
-3.1884232,55.9459438,-3.1884842,55.9459353,footway,3.91
-3.1884557,55.9460103,-3.188513,55.9460031,footway,3.66
-3.1884166,55.9459303,-3.1884785,55.9459218,footway,3.97
-3.1906745,55.94541,-3.1909137,55.945353,tertiary,16.19
-3.191114,55.9452627,-3.1912103,55.9452427,cycleway,6.40
-3.1912103,55.9452427,-3.1911975,55.9452689,pedestrian,3.02
-3.1976502,55.9447924,-3.1975557,55.9447928,footway,5.88
-3.1975557,55.9447928,-3.1972897,55.9447941,footway,16.56
-3.1972897,55.9447941,-3.1971452,55.9447948,footway,9.00
-3.1971452,55.9447948,-3.1970108,55.9447954,footway,8.37
-3.1970108,55.9447954,-3.1965052,55.944827,footway,31.68
-3.1965052,55.944827,-3.1963334,55.9448319,footway,10.71
-3.1963334,55.9448319,-3.1960591,55.9448396,footway,17.10
-3.1960591,55.9448396,-3.1951346,55.944847,footway,57.57
-3.1951346,55.944847,-3.1949958,55.9448467,footway,8.64
-3.1949958,55.9448467,-3.1946953,55.9448759,footway,18.99
-3.1946953,55.9448759,-3.1942411,55.9449262,footway,28.83
-3.1942411,55.9449262,-3.1932771,55.9450331,footway,61.19
-3.1932771,55.9450331,-3.192961,55.9450684,footway,20.07
-3.192961,55.9450684,-3.191758,55.9452047,footway,76.43
-3.191758,55.9452047,-3.1916944,55.9452119,footway,4.04
-3.1916944,55.9452119,-3.1911975,55.9452689,footway,31.58
-3.1911975,55.9452689,-3.1911164,55.9452806,footway,5.21
-3.1911164,55.9452806,-3.1909452,55.9453054,footway,11.01
-3.1909452,55.9453054,-3.1903542,55.9454234,footway,39.07
-3.1903542,55.9454234,-3.1895279,55.9455625,footway,53.73
-3.1895279,55.9455625,-3.1893919,55.945628,footway,11.17
-3.1893919,55.945628,-3.1892043,55.9457183,footway,15.40
-3.1892043,55.9457183,-3.1889874,55.945868,footway,21.44
-3.1889874,55.945868,-3.1889276,55.9459064,footway,5.67
-3.1889276,55.9459064,-3.1888468,55.9459633,footway,8.08
-3.1888468,55.9459633,-3.1887825,55.946011,footway,6.65
-3.1887825,55.946011,-3.1887528,55.9460279,footway,2.64
-3.1887528,55.9460279,-3.1887202,55.9460394,footway,2.40
-3.1887202,55.9460394,-3.188551,55.9460926,footway,12.08
-3.1870086,55.9459603,-3.1868659,55.9459927,footway,9.59
-3.1865153,55.94635,-3.186453,55.9463646,steps,4.21
-3.1910621,55.946004,-3.1910187,55.9461874,tertiary,20.57
-3.1910187,55.9461874,-3.1909999,55.9462668,tertiary,8.91
-3.1907389,55.947581,-3.1906871,55.9475923,pedestrian,3.46
-3.1906871,55.9475923,-3.1906633,55.9475975,pedestrian,1.59
-3.1906633,55.9475975,-3.1906254,55.9476056,pedestrian,2.53
-3.1906254,55.9476056,-3.1905429,55.9474861,pedestrian,14.25
-3.1905429,55.9474861,-3.1905587,55.9474827,pedestrian,1.05
-3.1905587,55.9474827,-3.1905016,55.9474027,pedestrian,9.58
-3.1905016,55.9474027,-3.190542,55.9473941,pedestrian,2.69
-3.190542,55.9473941,-3.1906343,55.9473744,pedestrian,6.15
-3.1906343,55.9473744,-3.1906805,55.9473646,pedestrian,3.08
-3.1906805,55.9473646,-3.1907206,55.9474235,pedestrian,7.01
-3.1907206,55.9474235,-3.1907406,55.9474546,pedestrian,3.68
-3.1907406,55.9474546,-3.1906921,55.9475106,pedestrian,6.92
-3.1906921,55.9475106,-3.1907389,55.947581,pedestrian,8.35
-3.1906871,55.9475923,-3.190657,55.9475432,footway,5.77
-3.190657,55.9475432,-3.190627,55.9474443,footway,11.15
-3.190627,55.9474443,-3.1906343,55.9473744,footway,7.79
-3.190627,55.9474443,-3.190542,55.9473941,footway,7.69
-3.1906633,55.9475975,-3.190657,55.9475432,footway,6.05
-3.1906343,55.9473744,-3.1905483,55.9472603,footway,13.77
-3.190542,55.9473941,-3.1904612,55.947287,footway,12.93
-3.1893089,55.9473904,-3.1893471,55.9474456,footway,6.58
-3.1893471,55.9474456,-3.1893857,55.9475015,footway,6.66
-3.1893857,55.9475015,-3.1894057,55.9475289,footway,3.29
-3.190939,55.9469075,-3.1908501,55.9469257,steps,5.89
-3.187165,55.9459249,-3.1870918,55.9458237,tertiary,12.14
-3.1870918,55.9458237,-3.1870374,55.9457485,tertiary,9.02
-3.1870374,55.9457485,-3.1869614,55.9456435,tertiary,12.60
-3.1882748,55.9455194,-3.1882072,55.9455297,footway,4.36
-3.1875404,55.9459716,-3.1873833,55.9459809,service,9.84
-3.1873833,55.9459809,-3.1875188,55.9459273,service,10.33
-3.187235,55.9460154,-3.1873833,55.9459809,service,10.00
-3.1877068,55.9455262,-3.1877352,55.945585,service,6.77
-3.1882245,55.9457739,-3.188403,55.9457492,steps,11.45
-3.1912407,55.9449001,-3.1915685,55.9448881,footway,20.46
-3.1915685,55.9448881,-3.191694,55.9448708,footway,8.05
-3.1911172,55.9452899,-3.1911203,55.9453248,cycleway,3.89
-3.1911203,55.9453248,-3.1911395,55.9453542,cycleway,3.48
-3.1910906,55.9454264,-3.1910746,55.9454384,footway,1.67
-3.1912417,55.9453992,-3.1912526,55.9454018,cycleway,0.74
-3.1911395,55.9453542,-3.1911551,55.9453782,cycleway,2.84
-3.1911551,55.9453782,-3.1912417,55.9453992,cycleway,5.88
-3.1882717,55.9467646,-3.1883371,55.9467091,pedestrian,7.39
-3.1869362,55.945331,-3.1867745,55.9453713,footway,11.02
-3.1870274,55.9454438,-3.1868537,55.9454866,footway,11.82
-3.1872253,55.9455193,-3.1871681,55.9455338,footway,3.91
-3.1871681,55.9455338,-3.1871118,55.9455481,footway,3.85
-3.1871118,55.9455481,-3.1870412,55.9454608,footway,10.66
-3.1870412,55.9454608,-3.1870274,55.9454438,footway,2.08
-3.1870274,55.9454438,-3.1870137,55.9454268,footway,2.07
-3.1870137,55.9454268,-3.1869679,55.9453701,footway,6.92
-3.1869679,55.9453701,-3.1869362,55.945331,footway,4.77
-3.1869362,55.945331,-3.1869045,55.9452918,footway,4.78
-3.1869045,55.9452918,-3.1871223,55.9452344,footway,14.99
-3.1871223,55.9452344,-3.1872324,55.9452164,footway,7.14
-3.1872324,55.9452164,-3.1872455,55.9452416,footway,2.92
-3.1872455,55.9452416,-3.1872068,55.945248,footway,2.51
-3.1872068,55.945248,-3.1871354,55.9452596,footway,4.63
-3.1871354,55.9452596,-3.1870959,55.9453046,footway,5.58
-3.1870959,55.9453046,-3.1870772,55.9453259,footway,2.64
-3.1870772,55.9453259,-3.1872253,55.9455193,footway,23.40
-3.1870969,55.9450376,-3.1870472,55.9449429,pedestrian,10.98
-3.1870472,55.9449429,-3.1869022,55.9449642,pedestrian,9.33
-3.1869022,55.9449642,-3.1869788,55.9450572,pedestrian,11.39
-3.1869788,55.9450572,-3.1870969,55.9450376,pedestrian,7.67
-3.1870472,55.9449429,-3.1870416,55.9449322,pedestrian,1.24
-3.1870416,55.9449322,-3.1869202,55.9447007,pedestrian,26.83
-3.1869202,55.9447007,-3.1868687,55.9447096,pedestrian,3.36
-3.1868687,55.9447096,-3.1868121,55.9447193,pedestrian,3.69
-3.1868121,55.9447193,-3.1867525,55.9447296,pedestrian,3.88
-3.1867525,55.9447296,-3.1866314,55.9447504,pedestrian,7.89
-3.1866314,55.9447504,-3.1864791,55.9447766,pedestrian,9.92
-3.1864791,55.9447766,-3.1865485,55.9448564,pedestrian,9.87
-3.1865485,55.9448564,-3.1865611,55.9448723,pedestrian,1.93
-3.1865611,55.9448723,-3.1866169,55.9448569,pedestrian,3.87
-3.1866169,55.9448569,-3.1866309,55.944853,pedestrian,0.97
-3.1866309,55.944853,-3.1866172,55.9448375,pedestrian,1.92
-3.1866172,55.9448375,-3.1866737,55.9448219,pedestrian,3.92
-3.1866737,55.9448219,-3.1867638,55.944797,pedestrian,6.26
-3.1867638,55.944797,-3.1869022,55.9449642,pedestrian,20.49
-3.1869022,55.9449642,-3.1870472,55.9449429,pedestrian,9.33
-3.187941,55.945175,-3.1876768,55.9451768,pedestrian,16.45
-3.1876768,55.9451768,-3.1876284,55.9450879,pedestrian,10.33
-3.1876284,55.9450879,-3.1878121,55.9450573,pedestrian,11.93
-3.1878121,55.9450573,-3.1877791,55.9449946,pedestrian,7.27
-3.1877791,55.9449946,-3.1877447,55.9449292,pedestrian,7.58
-3.1877447,55.9449292,-3.1878019,55.9449194,pedestrian,3.72
-3.1878019,55.9449194,-3.1878715,55.9450474,pedestrian,14.88
-3.1878715,55.9450474,-3.1878901,55.9450815,pedestrian,3.96
-3.1878901,55.9450815,-3.187941,55.945175,pedestrian,10.87
-3.1890803,55.9473739,-3.1891331,55.947449,steps,8.97
-3.1909475,55.9471017,-3.1909927,55.9471581,footway,6.87
-3.1909927,55.9471581,-3.1910214,55.9471939,footway,4.36
-3.1909475,55.9471017,-3.1898611,55.947333,footway,72.37
-3.1898611,55.947333,-3.1893471,55.9474456,footway,34.37
-3.1893471,55.9474456,-3.18916,55.9474871,footway,12.53
-3.18916,55.9474871,-3.1891331,55.947449,footway,4.56
-3.190789,55.9463768,-3.190781,55.9463633,footway,1.58
-3.1907663,55.9463443,-3.1907737,55.9463546,footway,1.23
-3.190781,55.9463633,-3.1907737,55.9463546,steps,1.07
-3.190813,55.9464476,-3.190789,55.9463768,footway,8.01
-3.1910187,55.9461874,-3.1908908,55.946181,footway,8.00
-3.1908908,55.946181,-3.1908743,55.9461804,footway,1.03
-3.1908743,55.9461804,-3.1908477,55.9462427,footway,7.12
-3.1908477,55.9462427,-3.1908156,55.9461744,footway,7.85
-3.1908156,55.9461744,-3.1907924,55.946172,footway,1.47
-3.1908743,55.9461804,-3.1908156,55.9461744,steps,3.72
