scenario,u,v,distance_m,speed_mps,congest_base
OSM_MEDIUM,0,2,40.39700600436729,13.677046283714242,0.1666666666111111
OSM_MEDIUM,1,3,4.980557857586286,11.149058923521268,0.1666666666111111
OSM_MEDIUM,2,7,20.579401118430102,10.065151867604836,0.3333333332222222
OSM_MEDIUM,3,4,2.74016064915135,10.01236647683973,0.3333333332222222
OSM_MEDIUM,4,5,2.325334198982847,10.237898536037232,0.3333333332222222
OSM_MEDIUM,5,6,6.848449388118547,8.186454204422429,0.4999999998333333
OSM_MEDIUM,6,9,10.28391062864146,9.035149041818242,0.4999999998333333
OSM_MEDIUM,6,8,7.203922517393237,10.273653190887842,0.4999999998333333
OSM_MEDIUM,7,14,19.944422928358357,11.989661551390496,0.3333333332222222
OSM_MEDIUM,8,11,6.129425863615508,12.202728068507676,0.3333333332222222
OSM_MEDIUM,9,10,3.0939537888501634,10.245950109011336,0.3333333332222222
OSM_MEDIUM,10,12,3.858437904531472,10.023071215085487,0.3333333332222222
OSM_MEDIUM,11,13,12.994099688487436,9.913933882485921,0.3333333332222222
OSM_MEDIUM,12,15,15.488263733095662,10.345675767010222,0.3333333332222222
OSM_MEDIUM,13,19,24.200012204659554,11.477227199236026,0.3333333332222222
OSM_MEDIUM,14,37,55.40156314352886,10.152823748979312,0.3333333332222222
OSM_MEDIUM,15,20,16.662308855195246,9.659394210327537,0.4999999998333333
OSM_MEDIUM,16,17,7.058069240802753,12.94635228418065,0.1666666666111111
OSM_MEDIUM,17,18,30.95017866442866,11.692927581023177,0.3333333332222222
OSM_MEDIUM,18,20,4.324827029777787,10.290668401748645,0.4999999998333333
OSM_MEDIUM,19,27,28.628337367774876,9.265297728645452,0.4999999998333333
OSM_MEDIUM,20,24,16.291025631672436,8.91904697470628,0.4999999998333333
OSM_MEDIUM,21,22,10.191317444247767,11.211060514259918,0.1666666666111111
OSM_MEDIUM,22,23,3.3892434568297607,10.119622762216228,0.3333333332222222
OSM_MEDIUM,23,25,58.53649131829948,10.733517034855742,0.3333333332222222
OSM_MEDIUM,24,34,20.624285049464817,9.038095018185793,0.4999999998333333
OSM_MEDIUM,25,26,3.2027533156987933,12.337676352894384,0.3333333332222222
OSM_MEDIUM,26,30,13.041655873022515,11.934152350570596,0.3333333332222222
OSM_MEDIUM,27,36,13.049369342839782,10.296740089615989,0.4999999998333333
OSM_MEDIUM,27,28,3.5010859791735314,10.49259321252271,0.4999999998333333
OSM_MEDIUM,28,31,4.244070834407219,10.0026408219342,0.3333333332222222
OSM_MEDIUM,29,33,17.644863554010808,10.79003519136623,0.1666666666111111
OSM_MEDIUM,30,39,38.09170059315247,9.517711057281549,0.3333333332222222
OSM_MEDIUM,31,32,3.932764049720861,10.426571442867997,0.3333333332222222
OSM_MEDIUM,32,35,4.072428240326402,10.955075190002786,0.3333333332222222
OSM_MEDIUM,33,34,4.163515958125337,9.65877335103143,0.4999999998333333
OSM_MEDIUM,34,57,32.57503137580316,10.483332794305777,0.4999999998333333
OSM_MEDIUM,35,38,4.4402125367718295,12.008669593582482,0.3333333332222222
OSM_MEDIUM,36,44,18.063041034612002,10.75233432387642,0.3333333332222222
OSM_MEDIUM,37,56,29.875727630957872,8.313418001110964,0.4999999998333333
OSM_MEDIUM,38,89,58.739266915162375,10.237769529190441,0.3333333332222222
OSM_MEDIUM,39,40,11.837684010148356,9.543791474933766,0.3333333332222222
OSM_MEDIUM,40,42,12.677244406357818,12.080782721392985,0.3333333332222222
OSM_MEDIUM,41,43,3.6507156081464442,11.348293079381548,0.1666666666111111
OSM_MEDIUM,42,47,15.224299588025747,11.623124084701166,0.3333333332222222
OSM_MEDIUM,43,46,3.8498295297694933,10.359878353866948,0.3333333332222222
OSM_MEDIUM,44,45,2.1586819111358504,10.815873724300102,0.3333333332222222
OSM_MEDIUM,45,48,1.7799370188324033,10.905675151917112,0.3333333332222222
OSM_MEDIUM,46,51,4.649892984578408,9.567440487704788,0.3333333332222222
OSM_MEDIUM,47,50,5.7939600449431925,10.822819428051288,0.3333333332222222
OSM_MEDIUM,48,49,1.6339800197027277,11.26618742627383,0.3333333332222222
OSM_MEDIUM,49,75,54.33677687100982,10.08852162032163,0.3333333332222222
OSM_MEDIUM,50,53,25.086298341305426,11.94379497275003,0.3333333332222222
OSM_MEDIUM,51,52,4.9365428622229635,11.595559232237862,0.3333333332222222
OSM_MEDIUM,52,54,2.4974949741263024,9.282912034658072,0.4999999998333333
OSM_MEDIUM,53,58,11.037001894984364,10.306754536141312,0.3333333332222222
OSM_MEDIUM,54,59,2.2422739023177267,10.802553895679992,0.4999999998333333
OSM_MEDIUM,54,55,2.98317084891337,11.52311337874691,0.3333333332222222
OSM_MEDIUM,56,69,14.138564186570314,9.488737286312862,0.4999999998333333
OSM_MEDIUM,56,96,32.732714516512296,9.674729886128956,0.4999999998333333
OSM_MEDIUM,57,63,6.974030234724767,10.265364233992464,0.3333333332222222
OSM_MEDIUM,58,79,65.64414198067752,9.395781753955852,0.4999999998333333
OSM_MEDIUM,59,65,5.524134395773301,7.646371383891412,0.6666666664444444
OSM_MEDIUM,60,61,3.041044145483207,13.657780467115083,0.1666666666111111
OSM_MEDIUM,61,62,2.47163305692948,11.06439536583643,0.3333333332222222
OSM_MEDIUM,62,67,4.112604369491845,11.047991340636322,0.3333333332222222
OSM_MEDIUM,63,70,6.889079711983806,9.997021709316193,0.3333333332222222
OSM_MEDIUM,64,65,3.084351121874884,9.326608968707266,0.4999999998333333
OSM_MEDIUM,65,68,3.5493322038987323,8.403779191659327,0.6666666664444444
OSM_MEDIUM,65,66,3.2255184303800366,9.453621973575766,0.4999999998333333
OSM_MEDIUM,67,73,9.377626974761315,10.936905282490091,0.3333333332222222
OSM_MEDIUM,68,71,3.965764269096205,11.11630862981772,0.3333333332222222
OSM_MEDIUM,69,74,4.9644525645370585,12.369330164945227,0.3333333332222222
OSM_MEDIUM,70,72,3.5114616687635767,10.992117236484898,0.3333333332222222
OSM_MEDIUM,71,81,7.584726086207623,10.249987963634448,0.3333333332222222
OSM_MEDIUM,72,120,25.084806010820873,10.518522214655338,0.4999999998333333
OSM_MEDIUM,73,82,10.484675280116036,10.368175482556211,0.4999999998333333
OSM_MEDIUM,74,76,3.606992048249448,10.52968535168059,0.3333333332222222
OSM_MEDIUM,75,77,2.7997070972563183,9.415397335573772,0.3333333332222222
OSM_MEDIUM,76,80,3.0821646032252024,10.780828385175221,0.3333333332222222
OSM_MEDIUM,77,78,2.405350349200681,10.009685626268935,0.3333333332222222
OSM_MEDIUM,78,82,1.7513683961138269,10.153425333536276,0.4999999998333333
OSM_MEDIUM,79,90,6.95363650165227,8.214079902097408,0.4999999998333333
OSM_MEDIUM,79,94,27.39169947390775,7.903845411884913,0.6666666664444444
OSM_MEDIUM,80,83,3.056317926937022,10.508540076571295,0.3333333332222222
OSM_MEDIUM,81,105,13.092204388218132,9.18987063156431,0.4999999998333333
OSM_MEDIUM,82,85,1.7604968767595828,9.102541819566301,0.4999999998333333
OSM_MEDIUM,83,84,4.134668224200863,10.170847391982498,0.3333333332222222
OSM_MEDIUM,84,86,4.140430569069708,12.421457495401212,0.3333333332222222
OSM_MEDIUM,85,87,1.7814475202181315,9.911240091110226,0.3333333332222222
OSM_MEDIUM,86,88,5.904755705198542,10.174070084934359,0.3333333332222222
OSM_MEDIUM,87,94,4.764200516281473,9.028318533884642,0.4999999998333333
OSM_MEDIUM,88,91,7.61598416856136,10.520977485247725,0.4999999998333333
OSM_MEDIUM,89,99,6.369946024531579,12.518271208118227,0.1666666666111111
OSM_MEDIUM,90,118,12.546652454548521,10.801230751834654,0.3333333332222222
OSM_MEDIUM,91,105,46.358574069728945,8.557371986073601,0.6666666664444444
OSM_MEDIUM,91,92,3.8063109750710216,10.564194267636998,0.4999999998333333
OSM_MEDIUM,92,93,3.4415822811969656,12.1823448322027,0.3333333332222222
OSM_MEDIUM,93,95,3.2097780666194264,11.19556498115696,0.3333333332222222
OSM_MEDIUM,94,101,8.601399977831466,9.1910715970276,0.6666666664444444
OSM_MEDIUM,95,97,2.816133342010422,12.286634130126718,0.3333333332222222
OSM_MEDIUM,96,103,3.35892522121355,11.914636179798554,0.3333333332222222
OSM_MEDIUM,97,98,2.836638054636578,9.910662820755448,0.3333333332222222
OSM_MEDIUM,98,102,1.976760192042524,10.08519645721963,0.3333333332222222
OSM_MEDIUM,100,104,58.80203758066764,10.906129694773949,0.3333333332222222
OSM_MEDIUM,100,150,38.18860549415178,11.20708820165193,0.3333333332222222
OSM_MEDIUM,101,125,17.887156778487444,10.218548700411613,0.4999999998333333
OSM_MEDIUM,101,107,15.738595495978526,9.49616137850948,0.4999999998333333
OSM_MEDIUM,102,106,2.240254143108503,11.884358101412278,0.3333333332222222
OSM_MEDIUM,103,127,9.882689400116567,10.989994056738364,0.3333333332222222
OSM_MEDIUM,104,117,76.4049923525912,10.589742450361728,0.3333333332222222
OSM_MEDIUM,105,110,20.57141804852077,8.630462080836542,0.4999999998333333
OSM_MEDIUM,106,115,2.5702420601628524,10.86585123420829,0.3333333332222222
OSM_MEDIUM,107,108,3.6838744063685462,12.043636829851959,0.3333333332222222
OSM_MEDIUM,108,109,3.9108474524013306,9.978935812985135,0.3333333332222222
OSM_MEDIUM,109,114,6.083735538214185,12.028516609495291,0.3333333332222222
OSM_MEDIUM,110,116,8.90614249537517,9.179338521110843,0.4999999998333333
OSM_MEDIUM,111,116,7.065102598119519,8.551677238958588,0.4999999998333333
OSM_MEDIUM,111,112,5.148340165015073,11.884653038607706,0.3333333332222222
OSM_MEDIUM,112,113,9.440654609633567,9.94319811672019,0.3333333332222222
OSM_MEDIUM,113,114,7.339129294354127,10.53610283737999,0.3333333332222222
OSM_MEDIUM,115,122,3.4981464151373203,10.669049013137755,0.3333333332222222
OSM_MEDIUM,116,119,6.076002497655076,8.673605008293679,0.4999999998333333
OSM_MEDIUM,117,147,29.002498062437322,9.462243332407258,0.4999999998333333
OSM_MEDIUM,118,144,26.465708215495713,12.269427896119174,0.3333333332222222
OSM_MEDIUM,119,121,3.6359241590055857,10.808003866653964,0.3333333332222222
OSM_MEDIUM,120,123,6.499899564151021,9.878708346142044,0.4999999998333333
OSM_MEDIUM,120,149,30.466953037962828,10.069946645629294,0.4999999998333333
OSM_MEDIUM,121,126,3.870291338420172,11.040461917479972,0.3333333332222222
OSM_MEDIUM,122,129,4.303161246959816,11.852727434307011,0.3333333332222222
OSM_MEDIUM,123,124,1.571907710182417,10.803622188875975,0.1666666666111111
OSM_MEDIUM,125,131,11.66732184412586,9.537015030135304,0.3333333332222222
OSM_MEDIUM,126,128,3.4420317652431747,11.865552256129414,0.3333333332222222
OSM_MEDIUM,127,140,16.186806145488813,9.536558369404089,0.4999999998333333
OSM_MEDIUM,128,130,3.538221469265002,11.87027966493464,0.3333333332222222
OSM_MEDIUM,129,133,6.759139658711378,10.85387599945799,0.3333333332222222
OSM_MEDIUM,130,132,3.758260088203289,11.201132436486345,0.3333333332222222
OSM_MEDIUM,131,134,5.748653548480652,9.923554137098211,0.3333333332222222
OSM_MEDIUM,132,135,4.192545567496375,11.332883348355555,0.3333333332222222
OSM_MEDIUM,133,140,6.490294978185279,9.818583764209436,0.4999999998333333
OSM_MEDIUM,134,141,10.688829355432244,9.176201562246465,0.6666666664444444
OSM_MEDIUM,135,138,3.0285694533186374,10.412790325174855,0.3333333332222222
OSM_MEDIUM,136,142,22.92508096323264,10.371494311035676,0.3333333332222222
OSM_MEDIUM,136,137,1.4639936845457953,11.100897603579448,0.3333333332222222
OSM_MEDIUM,137,139,1.0319169081722022,10.031153575218147,0.3333333332222222
OSM_MEDIUM,138,141,3.0826451953739715,8.089871367811982,0.6666666664444444
OSM_MEDIUM,139,154,23.420502928626743,9.453220635135512,0.3333333332222222
OSM_MEDIUM,140,152,19.473354813434803,8.30584024077755,0.6666666664444444
OSM_MEDIUM,141,145,4.6629551231683495,7.611184093502436,0.6666666664444444
OSM_MEDIUM,141,217,92.9265696240151,8.530836645317104,0.6666666664444444
OSM_MEDIUM,142,143,2.0125951474670254,9.475197960198235,0.3333333332222222
OSM_MEDIUM,143,170,30.53277862828211,9.447253098696658,0.3333333332222222
OSM_MEDIUM,144,146,3.471642594872098,11.590150000281412,0.3333333332222222
OSM_MEDIUM,145,192,43.60841030674546,11.090981126452553,0.1666666666111111
OSM_MEDIUM,146,151,6.182688729171794,11.96590965859385,0.3333333332222222
OSM_MEDIUM,147,161,66.29542251066731,9.642746816275636,0.4999999998333333
OSM_MEDIUM,147,243,82.77305611683322,8.800762300070845,0.4999999998333333
OSM_MEDIUM,148,159,17.407538618253145,13.851043473198215,0.1666666666111111
OSM_MEDIUM,149,198,39.37659718695297,10.714787006140908,0.3333333332222222
OSM_MEDIUM,150,195,36.72512459518584,10.273840489733145,0.3333333332222222
OSM_MEDIUM,151,157,10.333480752931061,11.982305242339663,0.3333333332222222
OSM_MEDIUM,152,183,22.12390291636672,8.987533119694758,0.4999999998333333
OSM_MEDIUM,152,153,5.366942362955605,10.439257348885777,0.4999999998333333
OSM_MEDIUM,153,156,6.337037748915153,12.281401069563362,0.3333333332222222
OSM_MEDIUM,154,155,0.9806922842370916,10.536635706978227,0.3333333332222222
OSM_MEDIUM,155,160,4.0319092850374405,7.23646300556449,0.6666666664444444
OSM_MEDIUM,156,160,11.883586419624246,9.193528660897657,0.6666666664444444
OSM_MEDIUM,157,234,60.753462208172195,12.319952725309742,0.3333333332222222
OSM_MEDIUM,158,162,12.08114241969383,10.075662818085696,0.3333333332222222
OSM_MEDIUM,158,181,15.32911775673615,13.745540444505629,0.1666666666111111
OSM_MEDIUM,159,164,3.8713998238324208,10.257382213956117,0.3333333332222222
OSM_MEDIUM,160,164,11.29170908817515,7.351185918621131,0.6666666664444444
OSM_MEDIUM,160,163,2.0036960578613496,7.101430138027991,0.6666666664444444
OSM_MEDIUM,161,191,58.5374082157951,10.16654796923293,0.3333333332222222
OSM_MEDIUM,162,193,20.363636748055644,10.503217397389031,0.3333333332222222
OSM_MEDIUM,163,166,2.3209071760642317,10.080424424183096,0.3333333332222222
OSM_MEDIUM,165,166,1.019575657870045,10.228903404562116,0.3333333332222222
OSM_MEDIUM,165,168,3.5119163311857053,10.083941152759738,0.3333333332222222
OSM_MEDIUM,167,185,8.326009461581343,12.403736210837497,0.1666666666111111
OSM_MEDIUM,168,177,12.631709063962623,9.801461384268714,0.3333333332222222
OSM_MEDIUM,169,171,1.729930466172996,11.051459837329773,0.3333333332222222
OSM_MEDIUM,169,170,0.4495087916860569,10.493883556077986,0.3333333332222222
OSM_MEDIUM,171,174,1.7328938801529379,9.460897485345413,0.3333333332222222
OSM_MEDIUM,172,177,1.4032860333165345,12.405077253330957,0.3333333332222222
OSM_MEDIUM,172,175,3.948677049334248,9.572139659602785,0.3333333332222222
OSM_MEDIUM,173,186,15.52447342996884,13.216559620098918,0.1666666666111111
OSM_MEDIUM,174,176,0.44950878501236935,9.743448584927869,0.3333333332222222
OSM_MEDIUM,175,178,0.7406080135809269,11.855275487159012,0.3333333332222222
OSM_MEDIUM,176,189,5.468513121618538,11.633843718589562,0.3333333332222222
OSM_MEDIUM,178,179,0.7921145322338056,9.737354387841672,0.3333333332222222
OSM_MEDIUM,179,180,0.8343933047522645,11.167845233087895,0.3333333332222222
OSM_MEDIUM,180,182,0.8054306106138046,12.22238856189217,0.3333333332222222
OSM_MEDIUM,182,184,0.8945305086207319,11.96586960455548,0.3333333332222222
OSM_MEDIUM,183,190,4.076719053459098,12.119883572907078,0.3333333332222222
OSM_MEDIUM,184,187,4.264150156958019,10.806227377751789,0.3333333332222222
OSM_MEDIUM,185,230,37.89657450385424,11.126237920312443,0.3333333332222222
OSM_MEDIUM,186,202,15.774971185442602,10.805910059614098,0.4999999998333333
OSM_MEDIUM,187,188,1.487089086932632,9.436734127874495,0.3333333332222222
OSM_MEDIUM,188,189,1.4747241046412136,11.494582648380007,0.3333333332222222
OSM_MEDIUM,190,194,3.674175314752973,10.79311316929153,0.3333333332222222
OSM_MEDIUM,191,199,35.27740421220993,12.335381494266567,0.3333333332222222
OSM_MEDIUM,193,203,10.985519626752037,11.821533419309443,0.3333333332222222
OSM_MEDIUM,194,196,3.2115575085019246,9.364484832589739,0.4999999998333333
OSM_MEDIUM,195,199,5.331256321834419,11.156889891704537,0.3333333332222222
OSM_MEDIUM,196,201,7.143672805605305,9.838446066403325,0.4999999998333333
OSM_MEDIUM,196,200,4.013935664126783,10.061371163598977,0.4999999998333333
OSM_MEDIUM,197,202,18.868281209692853,10.345278679623453,0.3333333332222222
OSM_MEDIUM,198,210,13.195957763973606,9.774263690605828,0.4999999998333333
OSM_MEDIUM,200,204,4.26757475710985,9.989368932727546,0.3333333332222222
OSM_MEDIUM,201,205,5.650123641926947,10.321792779416038,0.3333333332222222
OSM_MEDIUM,202,211,7.7855291994145785,10.792815364774333,0.4999999998333333
OSM_MEDIUM,203,206,3.3100032793555645,12.2688393533735,0.3333333332222222
OSM_MEDIUM,204,207,4.711589919357086,9.689077728118276,0.3333333332222222
OSM_MEDIUM,205,209,5.678449383259586,9.696088566418553,0.3333333332222222
OSM_MEDIUM,206,208,13.156499394283225,9.513857383834994,0.3333333332222222
OSM_MEDIUM,207,212,4.449043884896836,10.565052158012477,0.3333333332222222
OSM_MEDIUM,208,210,6.446425696577809,8.246959028370819,0.4999999998333333
OSM_MEDIUM,209,214,6.87466945891328,10.155151596782668,0.3333333332222222
OSM_MEDIUM,210,246,26.247058742951587,8.096783766728958,0.6666666664444444
OSM_MEDIUM,211,218,8.202916008398955,10.171987627313792,0.3333333332222222
OSM_MEDIUM,212,215,4.238632456483441,11.782510728566042,0.3333333332222222
OSM_MEDIUM,213,227,32.730924010673995,11.597315959940365,0.1666666666111111
OSM_MEDIUM,214,220,6.208428137060367,10.485738542982169,0.3333333332222222
OSM_MEDIUM,215,222,4.1217453447715515,11.68318317708176,0.3333333332222222
OSM_MEDIUM,216,219,4.217449845791503,11.252167202800464,0.3333333332222222
OSM_MEDIUM,216,221,3.887259543717176,10.59511813710904,0.3333333332222222
OSM_MEDIUM,217,223,3.0017710765544208,9.705745784636134,0.4999999998333333
OSM_MEDIUM,218,233,7.169452801482414,9.0199044473123,0.4999999998333333
OSM_MEDIUM,219,235,30.114655422644155,11.973824973150887,0.3333333332222222
OSM_MEDIUM,220,224,4.337959398894694,11.566398719889552,0.3333333332222222
OSM_MEDIUM,221,227,7.171717450683562,10.417728857591568,0.3333333332222222
OSM_MEDIUM,222,229,4.720552554041908,11.133814843624894,0.3333333332222222
OSM_MEDIUM,223,228,2.7965301324563216,10.193561722016213,0.4999999998333333
OSM_MEDIUM,223,225,3.0243474131945964,8.331228538719051,0.4999999998333333
OSM_MEDIUM,224,226,4.13551272014582,12.022235571886355,0.3333333332222222
OSM_MEDIUM,225,226,1.7178723504165598,10.688724098825269,0.3333333332222222
OSM_MEDIUM,228,236,3.5731754161560576,10.160670156297043,0.3333333332222222
OSM_MEDIUM,229,241,13.14394891151151,9.812727557915741,0.3333333332222222
OSM_MEDIUM,230,297,86.91132129773044,10.535211114935027,0.3333333332222222
OSM_MEDIUM,231,257,42.0949212799122,13.362985342231717,0.1666666666111111
OSM_MEDIUM,232,233,5.863711096037057,8.89024113558126,0.4999999998333333
OSM_MEDIUM,232,250,18.233287185542085,12.796675249499753,0.1666666666111111
OSM_MEDIUM,233,240,8.351068014870897,9.150177898192108,0.4999999998333333
OSM_MEDIUM,234,273,56.622878710669504,8.462278791348027,0.4999999998333333
OSM_MEDIUM,235,238,15.401247165015493,10.156919102551578,0.4999999998333333
OSM_MEDIUM,236,239,3.8887031659610445,11.352869368783386,0.3333333332222222
OSM_MEDIUM,237,238,2.896785954897448,10.77632271339106,0.3333333332222222
OSM_MEDIUM,238,246,23.73910436081596,8.954689284726307,0.6666666664444444
OSM_MEDIUM,239,242,3.5748925944696026,9.487245427848489,0.3333333332222222
OSM_MEDIUM,240,265,42.56158883652981,11.357840010411243,0.3333333332222222
OSM_MEDIUM,241,244,5.070639998059681,11.069423202541444,0.3333333332222222
OSM_MEDIUM,242,245,3.0793204637964338,11.690279572111546,0.3333333332222222
OSM_MEDIUM,243,252,10.745358382496992,11.182918177251786,0.3333333332222222
OSM_MEDIUM,244,248,5.796304063207495,11.891646439001052,0.3333333332222222
OSM_MEDIUM,245,247,2.8403703334409123,11.112314855991825,0.3333333332222222
OSM_MEDIUM,246,256,18.95609784769129,9.795648137689389,0.4999999998333333
OSM_MEDIUM,247,260,43.41767725136476,9.31779891858713,0.4999999998333333
OSM_MEDIUM,248,253,20.253572969068703,11.867320499391877,0.3333333332222222
OSM_MEDIUM,249,254,13.37498133873049,11.71773823636556,0.1666666666111111
OSM_MEDIUM,251,255,32.792960714301564,12.4729051013304,0.1666666666111111
OSM_MEDIUM,252,323,90.04607278176476,8.480968262085256,0.6666666664444444
OSM_MEDIUM,253,266,37.83580938591721,10.517354496859014,0.3333333332222222
OSM_MEDIUM,254,259,10.094796512204917,9.666213397307502,0.3333333332222222
OSM_MEDIUM,255,263,17.152136467722688,11.579326769299232,0.3333333332222222
OSM_MEDIUM,256,258,3.8500133076644762,9.038401863642122,0.4999999998333333
OSM_MEDIUM,257,260,6.410335486419455,9.416114538228554,0.4999999998333333
OSM_MEDIUM,258,261,28.676020781181393,8.495327796100161,0.6666666664444444
OSM_MEDIUM,258,268,14.228262086459152,8.217694473398351,0.4999999998333333
OSM_MEDIUM,259,261,5.696647409017243,9.103232471047775,0.4999999998333333
OSM_MEDIUM,260,262,8.6473372632646,8.885889082355108,0.4999999998333333
OSM_MEDIUM,261,267,19.233865658189877,8.44520291417163,0.4999999998333333
OSM_MEDIUM,262,274,19.171242412008212,10.518966512662614,0.3333333332222222
OSM_MEDIUM,263,264,2.9545467901832105,11.87544355171248,0.3333333332222222
OSM_MEDIUM,264,288,27.80112122082562,10.379606166726699,0.3333333332222222
OSM_MEDIUM,265,278,34.13953131287661,10.499051744440917,0.4999999998333333
OSM_MEDIUM,266,277,17.028218806145297,10.36457872220013,0.3333333332222222
OSM_MEDIUM,267,269,1.4394222454240764,11.718397374168706,0.3333333332222222
OSM_MEDIUM,268,292,29.234996441631296,12.053869497012148,0.3333333332222222
OSM_MEDIUM,269,270,1.6299364599350172,11.06560416698052,0.3333333332222222
OSM_MEDIUM,270,271,1.497758590587172,12.157937783511704,0.3333333332222222
OSM_MEDIUM,271,272,1.7309077682635476,10.669930907776003,0.3333333332222222
OSM_MEDIUM,272,275,2.595488709104145,10.39361150968879,0.3333333332222222
OSM_MEDIUM,273,283,10.429048806826074,7.306758014330383,0.8333333330555555
OSM_MEDIUM,273,278,5.327980173109925,7.224818720711451,0.6666666664444444
OSM_MEDIUM,274,276,5.459663398094851,10.950129813903272,0.3333333332222222
OSM_MEDIUM,275,314,46.66929996677929,12.26798543246459,0.3333333332222222
OSM_MEDIUM,276,280,5.657986880503911,10.040060047710767,0.3333333332222222
OSM_MEDIUM,277,282,9.091872504805371,9.793091432612831,0.3333333332222222
OSM_MEDIUM,278,279,3.8902753688259146,8.504715182455454,0.6666666664444444
OSM_MEDIUM,279,283,7.000988253400887,6.89533251308343,0.8333333330555555
OSM_MEDIUM,279,281,0.5998163012360447,10.698369289536444,0.4999999998333333
OSM_MEDIUM,280,284,6.620822300620109,10.958684232462842,0.3333333332222222
OSM_MEDIUM,281,328,51.289118537852225,8.896627563724028,0.6666666664444444
OSM_MEDIUM,282,285,6.248362788841113,10.925754147018331,0.3333333332222222
OSM_MEDIUM,283,289,9.698728897418402,7.663876630938373,0.6666666664444444
OSM_MEDIUM,283,290,34.55147714526691,7.70946489769257,0.6666666664444444
OSM_MEDIUM,284,286,5.885518522815686,10.860535852996815,0.3333333332222222
OSM_MEDIUM,285,287,5.8292741580627805,9.489077143917298,0.3333333332222222
OSM_MEDIUM,286,295,6.653039362404788,11.7914289813348,0.3333333332222222
OSM_MEDIUM,287,293,6.056355713260664,10.442496740737852,0.3333333332222222
OSM_MEDIUM,288,302,14.565335219507674,10.820703499588303,0.4999999998333333
OSM_MEDIUM,289,332,42.488327729381076,9.078836959784555,0.4999999998333333
OSM_MEDIUM,290,291,4.137315541457578,11.204439203849825,0.3333333332222222
OSM_MEDIUM,291,299,27.156438806805557,11.507426227549852,0.3333333332222222
OSM_MEDIUM,292,308,17.285231109583876,10.168592236159807,0.4999999998333333
OSM_MEDIUM,293,298,4.826180943449674,12.158795963893727,0.3333333332222222
OSM_MEDIUM,294,296,14.240914571985696,13.254003240806904,0.1666666666111111
OSM_MEDIUM,295,300,6.620174973930901,9.945399298138618,0.3333333332222222
OSM_MEDIUM,296,301,20.300869815051225,10.576889956344186,0.3333333332222222
OSM_MEDIUM,297,311,13.659587889490888,10.480397898748409,0.4999999998333333
OSM_MEDIUM,298,303,6.019365722295867,11.864747875297104,0.3333333332222222
OSM_MEDIUM,299,304,26.85524996358627,9.606345940459834,0.3333333332222222
OSM_MEDIUM,300,305,5.542511517340682,10.561153332041354,0.3333333332222222
OSM_MEDIUM,301,302,4.822421393499083,10.769232248137557,0.4999999998333333
OSM_MEDIUM,302,308,25.31709019625109,7.526285558009609,0.6666666664444444
OSM_MEDIUM,303,309,5.172130948933788,9.816980361311458,0.3333333332222222
OSM_MEDIUM,304,307,2.88704304670827,11.143674157284503,0.3333333332222222
OSM_MEDIUM,305,310,4.523489615054923,12.30989365557893,0.3333333332222222
OSM_MEDIUM,306,311,14.906306756957022,11.939316310771607,0.3333333332222222
OSM_MEDIUM,307,341,38.39285284171681,10.650038369926056,0.4999999998333333
OSM_MEDIUM,308,329,17.64343201489467,9.746198182416965,0.4999999998333333
OSM_MEDIUM,309,313,5.156766191521977,12.450909334250715,0.3333333332222222
OSM_MEDIUM,310,315,4.640401663989872,12.31524559697921,0.3333333332222222
OSM_MEDIUM,311,317,19.613590062033616,10.351041506531347,0.4999999998333333
OSM_MEDIUM,312,345,111.4992533493139,12.245130866553847,0.3333333332222222
OSM_MEDIUM,313,318,5.0980911362823385,12.025824311569748,0.3333333332222222
OSM_MEDIUM,314,326,35.701384836667394,10.35897817103738,0.3333333332222222
OSM_MEDIUM,315,320,5.85840968698495,11.160020339382738,0.3333333332222222
OSM_MEDIUM,316,322,6.020795221191578,11.927602288785776,0.3333333332222222
OSM_MEDIUM,317,319,9.472279679037465,12.277545401247627,0.3333333332222222
OSM_MEDIUM,318,324,5.394952864683931,11.654385982211805,0.3333333332222222
OSM_MEDIUM,319,323,13.835939173446127,8.421972238379242,0.6666666664444444
OSM_MEDIUM,320,325,5.272052416889919,11.838706248447288,0.3333333332222222
OSM_MEDIUM,321,322,6.773185505429324,11.091629488821846,0.3333333332222222
OSM_MEDIUM,322,354,31.237698290088268,9.396965933876363,0.4999999998333333
OSM_MEDIUM,323,338,66.52631055442254,9.499160199228093,0.4999999998333333
OSM_MEDIUM,323,339,19.023870729913906,8.34322237611215,0.6666666664444444
OSM_MEDIUM,324,327,4.944250758774214,9.580183021269312,0.3333333332222222
OSM_MEDIUM,325,330,5.672048224811418,10.522584325519844,0.3333333332222222
OSM_MEDIUM,326,328,3.6326539317567583,7.897556749215862,0.6666666664444444
OSM_MEDIUM,327,331,5.259423624166264,10.282453465843217,0.3333333332222222
OSM_MEDIUM,328,332,10.391417127605644,7.424212172685247,0.8333333330555555
OSM_MEDIUM,328,357,33.12451621077459,7.514113156380873,0.6666666664444444
OSM_MEDIUM,329,345,20.050925092246707,9.630204080702999,0.4999999998333333
OSM_MEDIUM,330,333,4.860753012758273,11.355294788842059,0.3333333332222222
OSM_MEDIUM,331,337,8.745585823564365,10.471934962704193,0.4999999998333333
OSM_MEDIUM,332,389,61.73356754179492,9.551770645198792,0.4999999998333333
OSM_MEDIUM,333,334,5.860264344923978,9.532914432051633,0.3333333332222222
OSM_MEDIUM,334,337,8.916628623398667,8.253836289380516,0.4999999998333333
OSM_MEDIUM,335,340,9.836545757958644,12.17898283964413,0.3333333332222222
OSM_MEDIUM,336,340,10.329891087595245,10.281034866328227,0.3333333332222222
OSM_MEDIUM,337,343,24.500628240156203,9.746013435649518,0.4999999998333333
OSM_MEDIUM,339,349,8.7857879582401,12.021843573296886,0.3333333332222222
OSM_MEDIUM,340,352,9.999250167210379,8.71397556113841,0.6666666664444444
OSM_MEDIUM,341,463,83.46328029358821,7.225468146605524,0.8333333330555555
OSM_MEDIUM,341,346,6.272765922024182,9.499900021479244,0.4999999998333333
OSM_MEDIUM,342,344,3.5116278835746404,13.22116546717969,0.1666666666111111
OSM_MEDIUM,343,352,16.13834056828815,9.73681244809106,0.4999999998333333
OSM_MEDIUM,344,348,9.408773594874093,11.07865639338042,0.3333333332222222
OSM_MEDIUM,345,347,1.4301732099474491,9.169068387854304,0.4999999998333333
OSM_MEDIUM,346,353,13.760559396668969,12.359173567164845,0.3333333332222222
OSM_MEDIUM,347,361,13.551308135132219,9.403231198018561,0.3333333332222222
OSM_MEDIUM,348,350,3.255860702060363,11.07238054738768,0.3333333332222222
OSM_MEDIUM,349,380,34.40877843297296,10.510220126831017,0.3333333332222222
OSM_MEDIUM,350,351,3.5386382587897356,12.067685626995697,0.3333333332222222
OSM_MEDIUM,351,371,84.2826283797347,10.810169018281295,0.3333333332222222
OSM_MEDIUM,352,356,10.966520201780476,7.641263254153947,0.6666666664444444
OSM_MEDIUM,353,358,23.3541814593408,13.236253615336343,0.1666666666111111
OSM_MEDIUM,354,359,7.036802837407645,9.756035078442151,0.3333333332222222
OSM_MEDIUM,355,362,33.83950769592891,12.060739163865897,0.1666666666111111
OSM_MEDIUM,356,363,7.656172687751098,8.606974074150012,0.4999999998333333
OSM_MEDIUM,356,360,12.140957966682661,8.468754832596808,0.4999999998333333
OSM_MEDIUM,357,377,20.77371081220821,12.369883515227453,0.3333333332222222
OSM_MEDIUM,359,368,9.952753722847616,7.00925965667008,0.6666666664444444
OSM_MEDIUM,360,364,9.021890251421073,10.610627877876004,0.3333333332222222
OSM_MEDIUM,361,384,22.912524057713192,11.139198844944042,0.3333333332222222
OSM_MEDIUM,362,366,18.35580466349394,12.028567876758611,0.3333333332222222
OSM_MEDIUM,363,365,2.847733313450289,11.07970292021991,0.1666666666111111
OSM_MEDIUM,364,368,12.598053401499445,6.94260660292284,0.6666666664444444
OSM_MEDIUM,366,386,69.63415970893855,12.24833979173784,0.3333333332222222
OSM_MEDIUM,367,369,11.590103588594706,10.932887465808784,0.1666666666111111
OSM_MEDIUM,368,370,8.088513197150887,7.81449257254029,0.6666666664444444
OSM_MEDIUM,368,375,7.621543085807035,8.20003629310718,0.6666666664444444
OSM_MEDIUM,369,422,42.86236870209029,12.031060435797972,0.3333333332222222
OSM_MEDIUM,370,372,6.504788538969666,11.633571311596047,0.3333333332222222
OSM_MEDIUM,371,376,18.858765904265532,11.732467225642207,0.3333333332222222
OSM_MEDIUM,372,374,4.097666442301072,11.45241556063253,0.3333333332222222
OSM_MEDIUM,373,379,7.0582041785525735,12.125729467341529,0.1666666666111111
OSM_MEDIUM,374,378,13.736541351784204,9.682148403021406,0.3333333332222222
OSM_MEDIUM,375,416,39.05981769107318,9.182310292945063,0.4999999998333333
OSM_MEDIUM,376,381,17.149601637974136,9.90531047062768,0.3333333332222222
OSM_MEDIUM,377,383,4.756065483031065,10.141746610096856,0.3333333332222222
OSM_MEDIUM,378,390,26.794357922784215,12.078672161645352,0.3333333332222222
OSM_MEDIUM,379,382,1.5980989385114819,12.163276648997497,0.3333333332222222
OSM_MEDIUM,380,413,30.22561080688453,10.49304885334111,0.4999999998333333
OSM_MEDIUM,381,391,28.162254698359476,12.059649693659086,0.3333333332222222
OSM_MEDIUM,382,385,1.4871334411147785,9.925889490199124,0.3333333332222222
OSM_MEDIUM,383,387,3.632633235891194,9.44626560061518,0.3333333332222222
OSM_MEDIUM,384,395,12.978040958660635,9.054824625310204,0.4999999998333333
OSM_MEDIUM,385,404,19.795245485591384,10.22827625778132,0.3333333332222222
OSM_MEDIUM,386,388,7.672564883547076,11.67397620123033,0.3333333332222222
OSM_MEDIUM,387,394,10.10157733542178,8.34144084932666,0.4999999998333333
OSM_MEDIUM,388,395,34.86219056095199,10.689962373247832,0.4999999998333333
OSM_MEDIUM,389,398,10.42850527223698,10.002259689714307,0.4999999998333333
OSM_MEDIUM,390,396,15.884123750102527,10.60193856818031,0.3333333332222222
OSM_MEDIUM,391,392,4.213234165827107,10.92703284874415,0.3333333332222222
OSM_MEDIUM,392,394,14.343126406702218,10.137536875160157,0.4999999998333333
OSM_MEDIUM,393,406,14.4139537795742,10.954267870244054,0.1666666666111111
OSM_MEDIUM,394,398,11.79953463811525,7.029931748695399,0.6666666664444444
OSM_MEDIUM,395,397,2.261035843558851,7.483732790798879,0.6666666664444444
OSM_MEDIUM,396,400,11.336762464258952,10.523592192920372,0.4999999998333333
OSM_MEDIUM,397,407,30.27054947604663,8.803562035168476,0.4999999998333333
OSM_MEDIUM,397,442,19.80735588237625,8.652134735586564,0.6666666664444444
OSM_MEDIUM,398,399,3.5256887393867697,9.310281618378339,0.4999999998333333
OSM_MEDIUM,399,401,4.966933077422232,8.496888840952968,0.4999999998333333
OSM_MEDIUM,400,413,26.43879308095642,8.109718721755524,0.6666666664444444
OSM_MEDIUM,400,454,21.50053025069294,9.115502790774835,0.4999999998333333
OSM_MEDIUM,401,408,7.064096372615482,9.765948043141558,0.4999999998333333
OSM_MEDIUM,401,405,6.199729180123916,10.302408477493248,0.4999999998333333
OSM_MEDIUM,402,403,1.6354218513681487,10.899012721076453,0.3333333332222222
OSM_MEDIUM,402,472,30.31793145314288,10.71908467234429,0.1666666666111111
OSM_MEDIUM,403,412,19.950096898135673,10.69513179456892,0.3333333332222222
OSM_MEDIUM,404,423,10.104434870898693,9.536667028645528,0.4999999998333333
OSM_MEDIUM,405,411,24.04930566421574,9.89186488253808,0.3333333332222222
OSM_MEDIUM,406,409,2.9541822744888284,10.936537726381534,0.3333333332222222
OSM_MEDIUM,407,410,5.501319418811246,9.729678889118157,0.3333333332222222
OSM_MEDIUM,408,439,8.769106015194055,11.490502950946475,0.3333333332222222
OSM_MEDIUM,409,419,2.7726524561294985,11.25578454713111,0.3333333332222222
OSM_MEDIUM,410,443,26.29088615479042,11.426881325237563,0.1666666666111111
OSM_MEDIUM,411,423,8.32877793498017,10.64874612327127,0.4999999998333333
OSM_MEDIUM,412,425,7.77063256120042,11.805507577259092,0.3333333332222222
OSM_MEDIUM,413,417,1.5662290804329952,9.76305057106679,0.4999999998333333
OSM_MEDIUM,414,416,1.5196649211145608,8.785434637475802,0.4999999998333333
OSM_MEDIUM,414,415,2.247181582968439,10.417305050386839,0.3333333332222222
OSM_MEDIUM,415,418,1.5152660845475237,11.768434633651674,0.3333333332222222
OSM_MEDIUM,416,421,1.8749302688652103,10.440204006211095,0.4999999998333333
OSM_MEDIUM,417,440,13.532607716391928,11.20387834986549,0.3333333332222222
OSM_MEDIUM,418,420,1.4917715887004661,10.478836983736034,0.3333333332222222
OSM_MEDIUM,419,428,2.6833177829241954,8.539339186469913,0.4999999998333333
OSM_MEDIUM,420,424,1.971486823594733,10.742123445674522,0.3333333332222222
OSM_MEDIUM,421,426,2.2656149134487453,10.183376192483838,0.3333333332222222
OSM_MEDIUM,422,427,3.261524572055945,9.902676187333567,0.4999999998333333
OSM_MEDIUM,423,430,7.936230110771206,9.88088767319422,0.4999999998333333
OSM_MEDIUM,424,429,2.024019842879509,12.45298072033116,0.3333333332222222
OSM_MEDIUM,425,431,5.082013886619423,12.042011138924842,0.3333333332222222
OSM_MEDIUM,426,435,2.5297495945968214,9.471886828128323,0.3333333332222222
OSM_MEDIUM,427,450,11.218536806554846,10.25097163202302,0.4999999998333333
OSM_MEDIUM,427,436,3.9726453149541165,10.492056091156272,0.4999999998333333
OSM_MEDIUM,428,438,2.2330538305446326,9.841524587458387,0.4999999998333333
OSM_MEDIUM,428,432,3.1731873202594216,9.977340709442892,0.4999999998333333
OSM_MEDIUM,429,437,2.250429566111102,9.43512266651019,0.3333333332222222
OSM_MEDIUM,430,463,38.37516131642646,7.52114163853735,0.6666666664444444
OSM_MEDIUM,431,433,0.7449821117602516,11.704451518776292,0.3333333332222222
OSM_MEDIUM,432,434,0.752488338042394,12.365121136587291,0.3333333332222222
OSM_MEDIUM,433,434,0.7676491461217873,11.053556081403094,0.3333333332222222
OSM_MEDIUM,435,447,3.3094974645794966,11.88301880446595,0.3333333332222222
OSM_MEDIUM,436,476,21.609564687070097,11.585898636679993,0.3333333332222222
OSM_MEDIUM,437,441,1.3978936057301714,11.20007307979036,0.3333333332222222
OSM_MEDIUM,438,445,2.0716650157539265,11.242895864313716,0.3333333332222222
OSM_MEDIUM,439,461,7.6870624639626675,9.811055507571666,0.3333333332222222
OSM_MEDIUM,440,453,7.673334248975462,10.700526301900558,0.3333333332222222
OSM_MEDIUM,441,444,1.2276619270903892,11.823593071659847,0.3333333332222222
OSM_MEDIUM,442,474,44.01160708388207,7.067974985677781,0.6666666664444444
OSM_MEDIUM,442,469,13.288890792014264,7.328184439571719,0.6666666664444444
OSM_MEDIUM,444,446,1.3278689510031951,10.262876628701239,0.3333333332222222
OSM_MEDIUM,445,452,3.953897140396027,8.391255319168136,0.4999999998333333
OSM_MEDIUM,446,448,1.5386859244383382,11.774914937632781,0.3333333332222222
OSM_MEDIUM,447,455,2.417199591087728,9.923262459049214,0.3333333332222222
OSM_MEDIUM,448,449,1.296689916871333,10.208014357863503,0.3333333332222222
OSM_MEDIUM,449,451,1.1705790036350991,11.219415252661353,0.3333333332222222
OSM_MEDIUM,450,471,33.23324465500856,9.54475106298897,0.3333333332222222
OSM_MEDIUM,451,452,1.2380862877182277,8.969376289125318,0.4999999998333333
OSM_MEDIUM,452,456,1.3823342000677736,9.69095053896222,0.4999999998333333
OSM_MEDIUM,453,458,4.916904232139546,11.847438359571324,0.3333333332222222
OSM_MEDIUM,454,468,14.421609713431197,11.537539300835222,0.1666666666111111
OSM_MEDIUM,455,460,2.618433862851661,12.174842892934516,0.3333333332222222
OSM_MEDIUM,456,457,1.420699464429578,9.405331945516995,0.3333333332222222
OSM_MEDIUM,457,494,20.562529380118967,12.376879321730813,0.3333333332222222
OSM_MEDIUM,458,467,9.109954897673939,10.381785828733321,0.3333333332222222
OSM_MEDIUM,459,466,20.484026320576127,8.371586764292859,0.4999999998333333
OSM_MEDIUM,459,473,7.57310860643537,11.849583022076537,0.1666666666111111
OSM_MEDIUM,460,466,4.37115095150812,10.122205495027236,0.4999999998333333
OSM_MEDIUM,461,478,8.703339960406753,9.54263566984323,0.3333333332222222
OSM_MEDIUM,462,465,11.438386202988243,13.149871958174945,0.1666666666111111
OSM_MEDIUM,463,477,7.833083884203214,7.860915551589203,0.6666666664444444
OSM_MEDIUM,463,464,5.253569973000105,8.697255542891266,0.6666666664444444
OSM_MEDIUM,464,470,11.391411857864572,11.510777190067516,0.3333333332222222
OSM_MEDIUM,465,469,7.403415058331787,10.615720607972701,0.4999999998333333
OSM_MEDIUM,466,475,3.270944192511898,9.225478203781828,0.4999999998333333
OSM_MEDIUM,467,481,8.57732398847192,11.611195683118698,0.3333333332222222
OSM_MEDIUM,469,480,4.0814926452987015,10.660247335827435,0.4999999998333333
OSM_MEDIUM,470,483,18.12437712888648,12.357957053620243,0.3333333332222222
OSM_MEDIUM,471,493,28.835420937254593,13.481743414999814,0.1666666666111111
OSM_MEDIUM,474,487,42.38198280600037,8.509031868927918,0.4999999998333333
OSM_MEDIUM,474,489,9.376666229019929,8.857492918576769,0.4999999998333333
OSM_MEDIUM,475,479,1.8839502642476922,9.849099174972531,0.3333333332222222
OSM_MEDIUM,476,484,7.3902029129172115,8.30633010147799,0.6666666664444444
OSM_MEDIUM,477,565,83.67455805137143,10.190616573978804,0.3333333332222222
OSM_MEDIUM,478,492,7.495782291134281,8.939696484549138,0.4999999998333333
OSM_MEDIUM,479,482,1.876453575621156,9.544268824598355,0.3333333332222222
OSM_MEDIUM,480,495,8.798600575631575,9.885188342827497,0.3333333332222222
OSM_MEDIUM,481,484,4.716922922864328,7.351304566467514,0.6666666664444444
OSM_MEDIUM,482,485,2.5932777498500577,12.29123588665615,0.3333333332222222
OSM_MEDIUM,483,491,9.859900204413176,11.04772882586107,0.3333333332222222
OSM_MEDIUM,484,549,79.19348129026555,8.480331800631982,0.6666666664444444
OSM_MEDIUM,484,490,4.850799088014404,8.176188488649279,0.6666666664444444
OSM_MEDIUM,485,488,1.4839894463791756,9.653809579202697,0.3333333332222222
OSM_MEDIUM,486,506,64.00552995945755,11.330935613769915,0.1666666666111111
OSM_MEDIUM,487,492,6.483494405463068,9.945615285764013,0.4999999998333333
OSM_MEDIUM,488,497,5.195775632485976,8.489024409462091,0.4999999998333333
OSM_MEDIUM,489,505,18.842617202939554,11.188531603331851,0.1666666666111111
OSM_MEDIUM,490,504,25.766881478663073,11.962394431443744,0.3333333332222222
OSM_MEDIUM,491,498,10.222144113595613,10.103991466666091,0.3333333332222222
OSM_MEDIUM,492,496,3.951105542079003,10.628852703450159,0.4999999998333333
OSM_MEDIUM,494,516,28.710901311620113,10.323990682668706,0.3333333332222222
OSM_MEDIUM,495,499,6.504125451639261,9.756871608307152,0.3333333332222222
OSM_MEDIUM,496,509,19.27031280954847,9.453143962491698,0.3333333332222222
OSM_MEDIUM,497,503,11.759368008861747,10.578579464523028,0.4999999998333333
OSM_MEDIUM,497,500,16.317376572363866,8.47405620572504,0.4999999998333333
OSM_MEDIUM,498,501,17.501237193202233,12.271983755773709,0.3333333332222222
OSM_MEDIUM,499,502,5.845782392810644,11.256843902885041,0.3333333332222222
OSM_MEDIUM,500,517,38.11623313679143,10.422975072853019,0.4999999998333333
OSM_MEDIUM,501,510,19.17128700037459,11.800632031189265,0.3333333332222222
OSM_MEDIUM,502,508,5.910561052160123,6.9429195516389965,0.6666666664444444
OSM_MEDIUM,503,533,32.83008637226439,11.148196006044845,0.3333333332222222
OSM_MEDIUM,504,507,6.726182325263873,10.401900944445238,0.4999999998333333
OSM_MEDIUM,506,508,5.417765560428594,7.031660925302248,0.6666666664444444
OSM_MEDIUM,507,511,3.931456849747802,9.042989049010968,0.4999999998333333
OSM_MEDIUM,507,520,25.4526184004181,7.163645702585887,0.6666666664444444
OSM_MEDIUM,508,515,12.026761647593645,5.728071952158926,0.8333333330555555
OSM_MEDIUM,508,514,6.852527944781631,8.379552213301677,0.6666666664444444
OSM_MEDIUM,509,560,53.47244079869368,8.337428158854335,0.4999999998333333
OSM_MEDIUM,510,518,20.52138520383269,11.170059136146223,0.3333333332222222
OSM_MEDIUM,511,513,4.007909608403145,9.843311743817688,0.3333333332222222
OSM_MEDIUM,512,515,5.097084177946783,11.142171495810175,0.3333333332222222
OSM_MEDIUM,513,522,13.374357481775018,11.388594788481274,0.3333333332222222
OSM_MEDIUM,514,573,45.369636243915636,11.852936890101997,0.3333333332222222
OSM_MEDIUM,515,523,18.709693894039052,9.974077575382315,0.4999999998333333
OSM_MEDIUM,516,519,6.678823000342692,10.000817658841095,0.4999999998333333
OSM_MEDIUM,517,521,8.677896738907892,10.705607985522793,0.4999999998333333
OSM_MEDIUM,517,524,9.692810218085478,10.024889583148239,0.4999999998333333
OSM_MEDIUM,518,519,6.3305854581980165,9.156520885576091,0.4999999998333333
OSM_MEDIUM,519,526,13.715608082641614,9.3700381471227,0.4999999998333333
OSM_MEDIUM,520,525,6.612843770793951,9.33793000801776,0.4999999998333333
OSM_MEDIUM,520,527,6.314686907549562,8.475494378422091,0.4999999998333333
OSM_MEDIUM,521,529,17.256686505648613,9.70107594502741,0.3333333332222222
OSM_MEDIUM,522,544,18.43068328409725,12.262522553132474,0.1666666666111111
OSM_MEDIUM,523,541,21.667381523925858,9.755932874582065,0.4999999998333333
OSM_MEDIUM,524,535,9.02406918248031,11.060669881692386,0.3333333332222222
OSM_MEDIUM,525,542,20.312868241750206,9.955251729788866,0.4999999998333333
OSM_MEDIUM,526,532,10.93062005693528,8.574308924482864,0.4999999998333333
OSM_MEDIUM,527,528,1.4414570523215757,11.119535261344689,0.3333333332222222
OSM_MEDIUM,528,530,1.7841012127262252,11.092806266946413,0.3333333332222222
OSM_MEDIUM,529,540,7.781663635066818,9.680163111417132,0.3333333332222222
OSM_MEDIUM,530,534,1.78578821049555,9.5373506662469,0.3333333332222222
OSM_MEDIUM,531,538,6.484563755040108,12.270296892069073,0.1666666666111111
OSM_MEDIUM,532,543,8.230757420935849,9.667403519487856,0.4999999998333333
OSM_MEDIUM,532,537,9.402753282265778,9.15473067950765,0.6666666664444444
OSM_MEDIUM,533,537,4.802367467508938,8.913860408607766,0.4999999998333333
OSM_MEDIUM,534,536,1.967661105984514,11.423244518784188,0.3333333332222222
OSM_MEDIUM,535,547,19.415621666817003,9.47122491245176,0.3333333332222222
OSM_MEDIUM,536,539,2.848349530224002,10.182288450658215,0.3333333332222222
OSM_MEDIUM,537,578,51.8219788342823,8.896273547689995,0.6666666664444444
OSM_MEDIUM,538,548,5.73002021556226,10.904419133941428,0.3333333332222222
OSM_MEDIUM,539,545,3.264724680700034,10.521610480689683,0.3333333332222222
OSM_MEDIUM,540,547,6.7068100248718485,11.034827612274038,0.3333333332222222
OSM_MEDIUM,541,560,25.31433732706598,8.100082032205082,0.6666666664444444
OSM_MEDIUM,541,558,13.501592583566644,8.486073148286527,0.4999999998333333
OSM_MEDIUM,542,546,4.953776778194856,9.263247958499377,0.4999999998333333
OSM_MEDIUM,542,552,9.527037895116678,9.403151202397112,0.4999999998333333
OSM_MEDIUM,543,608,40.3116529515748,9.82501797992339,0.3333333332222222
OSM_MEDIUM,545,550,3.136433407748303,12.110497212746104,0.3333333332222222
OSM_MEDIUM,546,557,23.2835933252422,12.327991178281058,0.3333333332222222
OSM_MEDIUM,548,562,11.308367169426603,11.115693515857728,0.3333333332222222
OSM_MEDIUM,549,554,5.230666865887555,10.009653363638476,0.3333333332222222
OSM_MEDIUM,550,553,2.6076806292827936,11.171051059469914,0.3333333332222222
OSM_MEDIUM,551,581,19.7580819924755,11.461708687922373,0.1666666666111111
OSM_MEDIUM,552,563,10.536206682586652,12.374422491615691,0.3333333332222222
OSM_MEDIUM,553,556,2.442486204917449,11.719462538140942,0.3333333332222222
OSM_MEDIUM,554,571,13.066705486596543,11.031771549495677,0.3333333332222222
OSM_MEDIUM,555,572,13.99534986964818,12.9084395781279,0.1666666666111111
OSM_MEDIUM,556,561,3.950684731264873,9.91841561095907,0.3333333332222222
OSM_MEDIUM,557,564,12.182940685060014,10.021093442968802,0.3333333332222222
OSM_MEDIUM,558,586,15.112173614546139,10.497722000104337,0.3333333332222222
OSM_MEDIUM,559,582,11.74376288890094,11.960315319394567,0.1666666666111111
OSM_MEDIUM,560,567,4.368236190800515,9.846024978299752,0.4999999998333333
OSM_MEDIUM,561,566,2.8358026911535763,11.388040847313313,0.3333333332222222
OSM_MEDIUM,562,569,3.7521905774028808,11.467165510937672,0.3333333332222222
OSM_MEDIUM,563,568,2.683355341208755,10.264966372742965,0.3333333332222222
OSM_MEDIUM,564,576,19.9119844959446,11.272128904190296,0.3333333332222222
OSM_MEDIUM,565,583,9.5834354241448,9.607557248685083,0.4999999998333333
OSM_MEDIUM,566,570,3.6642389321106617,8.342291230702878,0.4999999998333333
OSM_MEDIUM,567,619,28.115991515019715,10.418981329726634,0.3333333332222222
OSM_MEDIUM,568,570,1.9450481426180435,8.743317996482647,0.4999999998333333
OSM_MEDIUM,569,578,5.0461134822725295,8.36976680018119,0.4999999998333333
OSM_MEDIUM,570,574,1.5752009405044747,8.420072064347218,0.4999999998333333
OSM_MEDIUM,571,575,2.4912943487007397,9.788985296335227,0.4999999998333333
OSM_MEDIUM,572,600,18.79477765856676,10.438962029103013,0.4999999998333333
OSM_MEDIUM,573,588,6.3522446488299265,9.97111592913238,0.4999999998333333
OSM_MEDIUM,574,577,1.6181147030899155,10.076124927838617,0.3333333332222222
OSM_MEDIUM,575,580,2.7251355096607317,10.125910610280897,0.4999999998333333
OSM_MEDIUM,575,589,8.012483723435771,10.667378227944079,0.4999999998333333
OSM_MEDIUM,576,584,9.945829317237116,11.534852105000322,0.3333333332222222
OSM_MEDIUM,577,585,2.2234750952865183,10.494272453520184,0.3333333332222222
OSM_MEDIUM,578,612,31.180547942428863,9.654663113949262,0.4999999998333333
OSM_MEDIUM,579,600,15.287426665903503,11.798389986035136,0.3333333332222222
OSM_MEDIUM,580,607,16.805613174919316,10.623481710904757,0.3333333332222222
OSM_MEDIUM,581,587,1.483239338905514,10.23302122690223,0.3333333332222222
OSM_MEDIUM,582,592,4.390503885068298,10.008154215406913,0.3333333332222222
OSM_MEDIUM,583,628,26.661008599397718,8.6917676518931,0.6666666664444444
OSM_MEDIUM,583,590,4.277442917085468,8.989911233917486,0.4999999998333333
OSM_MEDIUM,584,596,19.61184526672607,12.259168649203536,0.3333333332222222
OSM_MEDIUM,585,606,11.399796434199272,9.647499018335905,0.3333333332222222
OSM_MEDIUM,586,601,9.59674664116194,10.922032572951052,0.3333333332222222
OSM_MEDIUM,587,591,1.5634364164422336,9.85770874274832,0.3333333332222222
OSM_MEDIUM,588,593,9.17422969951372,9.570451504801454,0.4999999998333333
OSM_MEDIUM,588,613,12.837025349144094,8.18818417305355,0.4999999998333333
OSM_MEDIUM,589,594,1.9740872924036406,11.643353623917577,0.3333333332222222
OSM_MEDIUM,590,634,53.41531518825794,9.75541858100348,0.3333333332222222
OSM_MEDIUM,591,595,1.5124489018727207,9.696085910144548,0.3333333332222222
OSM_MEDIUM,592,593,5.847611529590682,11.146183570541691,0.3333333332222222
OSM_MEDIUM,594,603,10.459232363418913,9.596261490348457,0.3333333332222222
OSM_MEDIUM,595,597,1.4720355877228544,9.839558020802482,0.3333333332222222
OSM_MEDIUM,596,604,21.25942123364302,10.445020916594585,0.3333333332222222
OSM_MEDIUM,597,598,1.6161219623201697,9.552267077151539,0.3333333332222222
OSM_MEDIUM,598,599,1.659485813890001,11.335391396511163,0.3333333332222222
OSM_MEDIUM,599,602,1.5760344650963771,9.427704717227448,0.3333333332222222
OSM_MEDIUM,600,609,5.078799249976906,9.301280173339347,0.4999999998333333
OSM_MEDIUM,601,611,5.520679608969555,10.58742880033188,0.3333333332222222
OSM_MEDIUM,602,605,1.6307358912670271,11.939695182795491,0.3333333332222222
OSM_MEDIUM,603,610,4.434338695332815,9.988598769395782,0.3333333332222222
OSM_MEDIUM,604,622,27.884209871030954,12.049877774390898,0.3333333332222222
OSM_MEDIUM,605,623,17.753621783987253,11.590381415075763,0.3333333332222222
OSM_MEDIUM,606,658,52.46299456031259,10.210093002531714,0.3333333332222222
OSM_MEDIUM,607,614,4.083990146880825,9.631595497309501,0.3333333332222222
OSM_MEDIUM,608,629,14.293706454662232,12.18505347526263,0.3333333332222222
OSM_MEDIUM,609,616,4.723244750602425,11.380026154571484,0.3333333332222222
OSM_MEDIUM,610,615,3.7908407028453337,10.842395847530588,0.3333333332222222
OSM_MEDIUM,611,627,9.709036306943753,11.870825769491681,0.3333333332222222
OSM_MEDIUM,612,617,5.867947280230035,12.063794173075745,0.3333333332222222
OSM_MEDIUM,613,635,16.226396887113793,9.439758741560214,0.3333333332222222
OSM_MEDIUM,614,618,2.438974985665321,10.986977563382883,0.3333333332222222
OSM_MEDIUM,615,620,5.312881779378224,11.929048018658866,0.3333333332222222
OSM_MEDIUM,616,621,3.702598813766935,9.751631245352549,0.3333333332222222
OSM_MEDIUM,617,625,5.602970663180728,11.164206860488417,0.3333333332222222
OSM_MEDIUM,618,631,11.117344811298416,9.940807368055662,0.3333333332222222
OSM_MEDIUM,619,632,22.002448481408248,10.299099423842334,0.3333333332222222
OSM_MEDIUM,620,624,6.1892117554352435,12.23651787359223,0.3333333332222222
OSM_MEDIUM,621,624,3.587801265781589,11.168702589099858,0.3333333332222222
OSM_MEDIUM,622,626,9.111776799665211,10.159424890115039,0.3333333332222222
OSM_MEDIUM,623,628,9.521614047181785,10.719393828934692,0.4999999998333333
OSM_MEDIUM,625,631,10.897455197273448,10.57783096083452,0.3333333332222222
OSM_MEDIUM,626,630,8.16201642487163,9.49009046951608,0.3333333332222222
OSM_MEDIUM,627,636,8.14657539466113,11.80931132724063,0.3333333332222222
OSM_MEDIUM,628,633,5.607071196826296,9.534331658535505,0.4999999998333333
OSM_MEDIUM,629,641,13.629572796308706,12.968704280715626,0.1666666666111111
OSM_MEDIUM,630,637,19.638737925036235,11.158790192314944,0.3333333332222222
OSM_MEDIUM,632,643,9.458898253550267,13.709031079654585,0.1666666666111111
OSM_MEDIUM,633,657,38.76063491282236,11.959158978603098,0.3333333332222222
OSM_MEDIUM,634,640,10.222514512639147,9.527761658148918,0.3333333332222222
OSM_MEDIUM,635,642,5.96454802216357,10.914347732005611,0.3333333332222222
OSM_MEDIUM,636,639,4.276841259298912,10.983110964230548,0.3333333332222222
OSM_MEDIUM,637,638,8.050687179165125,11.91638209368763,0.1666666666111111
OSM_MEDIUM,639,644,4.399318775807778,11.233803341343384,0.3333333332222222
OSM_MEDIUM,640,645,7.116514472213795,11.702179225134577,0.3333333332222222
OSM_MEDIUM,642,647,8.100998801616921,11.816162053047258,0.3333333332222222
OSM_MEDIUM,644,648,4.915666600241665,9.478589117991506,0.3333333332222222
OSM_MEDIUM,645,646,5.156081134637179,11.304620611772783,0.3333333332222222
OSM_MEDIUM,646,650,4.010271517790016,11.519612110500912,0.3333333332222222
OSM_MEDIUM,647,651,6.943453515890245,11.920815130777193,0.3333333332222222
OSM_MEDIUM,648,649,0.6475213829527522,11.293879149802272,0.3333333332222222
OSM_MEDIUM,649,652,6.18454363931763,10.012895879858513,0.3333333332222222
OSM_MEDIUM,650,653,6.32166920154149,13.217387861979255,0.1666666666111111
OSM_MEDIUM,651,654,3.375605876530294,11.290954366393981,0.3333333332222222
OSM_MEDIUM,652,655,5.974674316384479,12.531164365898414,0.1666666666111111
OSM_MEDIUM,654,656,7.830269622566293,11.96351424581426,0.1666666666111111
OSM_MEDIUM,657,660,13.10996193754371,11.733919499557905,0.3333333332222222
OSM_MEDIUM,658,659,3.858107810412622,13.454163758454937,0.1666666666111111
OSM_MEDIUM,660,661,9.382867943044003,10.499130700639036,0.3333333332222222
OSM_MEDIUM,661,662,6.83469694330985,12.34614193429787,0.1666666666111111
