u,v,length_m,lon_u,lat_u,lon_v,lat_v,speed_mps,congest_base
0,1,5.885,-3.1976500,55.9447920,-3.1975560,55.9447930,13.740555,0.125000
1,2,16.564,-3.1975560,55.9447930,-3.1972900,55.9447940,10.904226,0.250000
2,3,8.998,-3.1972900,55.9447940,-3.1971450,55.9447950,11.310633,0.250000
3,4,8.369,-3.1971450,55.9447950,-3.1970110,55.9447950,12.501313,0.250000
4,5,31.678,-3.1970110,55.9447950,-3.1965050,55.9448270,11.802133,0.250000
5,6,10.712,-3.1965050,55.9448270,-3.1963330,55.9448320,12.802951,0.250000
6,7,17.102,-3.1963330,55.9448320,-3.1960590,55.9448400,11.653161,0.250000
7,8,57.573,-3.1960590,55.9448400,-3.1951350,55.9448470,11.384980,0.250000
8,10,8.643,-3.1951350,55.9448470,-3.1949960,55.9448470,13.202395,0.250000
9,11,9.645,-3.1951020,55.9449750,-3.1949480,55.9449680,13.905788,0.125000
10,13,18.991,-3.1949960,55.9448470,-3.1946950,55.9448760,10.632075,0.250000
11,12,7.826,-3.1949480,55.9449680,-3.1948230,55.9449740,11.520040,0.250000
12,15,73.579,-3.1948230,55.9449740,-3.1936630,55.9451000,10.844424,0.250000
13,14,28.830,-3.1946950,55.9448760,-3.1942410,55.9449260,12.693152,0.250000
14,19,61.192,-3.1942410,55.9449260,-3.1932770,55.9450330,11.528513,0.250000
15,17,22.312,-3.1936630,55.9451000,-3.1933110,55.9451390,12.415601,0.250000
16,18,7.204,-3.1933770,55.9478380,-3.1932820,55.9478010,11.969088,0.125000
17,52,112.156,-3.1933110,55.9451390,-3.1915440,55.9453350,11.732843,0.250000
18,20,6.129,-3.1932820,55.9478010,-3.1932060,55.9477660,13.019739,0.250000
19,22,20.070,-3.1932770,55.9450330,-3.1929610,55.9450680,10.835807,0.250000
20,21,12.994,-3.1932060,55.9477660,-3.1930270,55.9477060,10.747869,0.250000
21,23,24.200,-3.1930270,55.9477060,-3.1926960,55.9475920,12.259401,0.250000
22,39,76.426,-3.1929610,55.9450680,-3.1917580,55.9452050,12.892038,0.250000
23,25,28.628,-3.1926960,55.9475920,-3.1922920,55.9474690,11.438723,0.375000
24,74,94.490,-3.1926780,55.9461200,-3.1912770,55.9464470,11.154115,0.125000
25,26,3.501,-3.1922920,55.9474690,-3.1922650,55.9474970,9.155618,0.375000
25,30,13.049,-3.1922920,55.9474690,-3.1921090,55.9474120,11.375446,0.375000
26,27,4.244,-3.1922650,55.9474970,-3.1922250,55.9475280,10.940774,0.250000
27,28,3.933,-3.1922250,55.9475280,-3.1921800,55.9475530,11.412823,0.250000
28,29,4.072,-3.1921800,55.9475530,-3.1921260,55.9475730,11.565779,0.250000
29,31,4.440,-3.1921260,55.9475730,-3.1920620,55.9475910,11.167096,0.250000
30,34,18.063,-3.1921090,55.9474120,-3.1918730,55.9473180,12.137767,0.250000
31,90,58.739,-3.1920620,55.9475910,-3.1911860,55.9477870,10.808676,0.375000
32,33,3.651,-3.1919440,55.9460510,-3.1918910,55.9460370,13.929173,0.125000
33,36,3.850,-3.1918910,55.9460370,-3.1918320,55.9460280,12.425817,0.250000
34,35,2.159,-3.1918730,55.9473180,-3.1918450,55.9473060,12.738941,0.250000
35,37,1.780,-3.1918450,55.9473060,-3.1918240,55.9472950,10.584231,0.250000
36,40,4.650,-3.1918320,55.9460280,-3.1917580,55.9460230,10.422471,0.250000
37,38,1.634,-3.1918240,55.9472950,-3.1918060,55.9472840,11.725575,0.250000
38,64,54.337,-3.1918060,55.9472840,-3.1913420,55.9468710,13.265182,0.250000
39,42,4.040,-3.1917580,55.9452050,-3.1916940,55.9452120,10.968118,0.250000
40,43,4.937,-3.1917580,55.9460230,-3.1916790,55.9460200,12.804134,0.250000
41,49,8.048,-3.1916940,55.9448710,-3.1915680,55.9448880,11.812040,0.125000
42,88,31.583,-3.1916940,55.9452120,-3.1911970,55.9452690,10.011263,0.375000
43,44,2.497,-3.1916790,55.9460200,-3.1916380,55.9460200,11.863227,0.250000
44,47,2.242,-3.1916380,55.9460200,-3.1916030,55.9460190,10.515346,0.250000
45,57,14.139,-3.1916340,55.9452620,-3.1914280,55.9453160,12.862217,0.250000
45,99,32.733,-3.1916340,55.9452620,-3.1911200,55.9453250,9.382125,0.500000
46,72,65.644,-3.1916170,55.9476530,-3.1912830,55.9470930,11.157697,0.250000
47,53,5.524,-3.1916030,55.9460190,-3.1915140,55.9460200,10.367579,0.250000
48,50,3.041,-3.1915810,55.9466540,-3.1915610,55.9466790,12.744677,0.125000
49,80,20.455,-3.1915680,55.9448880,-3.1912410,55.9449000,8.599829,0.500000
50,51,2.472,-3.1915610,55.9466790,-3.1915520,55.9467010,11.064137,0.375000
51,54,4.113,-3.1915520,55.9467010,-3.1914940,55.9467190,11.607246,0.375000
51,74,32.987,-3.1915520,55.9467010,-3.1912770,55.9464470,9.934126,0.375000
52,56,7.722,-3.1915440,55.9453350,-3.1914350,55.9453670,12.710232,0.250000
53,55,3.549,-3.1915140,55.9460200,-3.1914570,55.9460200,11.333523,0.250000
54,60,9.378,-3.1914940,55.9467190,-3.1913640,55.9467610,10.831061,0.250000
55,59,3.966,-3.1914570,55.9460200,-3.1913930,55.9460180,11.396980,0.250000
56,62,6.048,-3.1914350,55.9453670,-3.1913530,55.9453970,10.636601,0.250000
57,61,4.964,-3.1914280,55.9453160,-3.1913610,55.9453390,10.164905,0.250000
58,63,108.379,-3.1914220,55.9426000,-3.1913440,55.9435730,12.511774,0.125000
59,75,7.585,-3.1913930,55.9460180,-3.1912720,55.9460130,12.033546,0.250000
60,77,10.485,-3.1913640,55.9467610,-3.1912580,55.9468340,10.368218,0.375000
61,66,3.607,-3.1913610,55.9453390,-3.1913160,55.9453600,12.423434,0.250000
62,65,2.948,-3.1913530,55.9453970,-3.1913250,55.9454180,11.181527,0.375000
63,68,41.595,-3.1913440,55.9435730,-3.1913140,55.9439470,11.999798,0.250000
64,67,2.800,-3.1913420,55.9468710,-3.1913150,55.9468500,12.468402,0.250000
65,69,1.142,-3.1913250,55.9454180,-3.1913090,55.9454130,9.122734,0.375000
65,89,14.510,-3.1913250,55.9454180,-3.1911900,55.9455240,8.234981,0.500000
66,73,3.082,-3.1913160,55.9453600,-3.1912790,55.9453790,11.780399,0.250000
67,71,2.405,-3.1913150,55.9468500,-3.1912860,55.9468360,12.041408,0.250000
68,70,27.558,-3.1913140,55.9439470,-3.1912950,55.9441950,10.128048,0.250000
69,78,3.741,-3.1913090,55.9454130,-3.1912530,55.9454020,10.736591,0.500000
70,76,48.147,-3.1912950,55.9441950,-3.1912610,55.9446270,10.153164,0.250000
71,77,1.751,-3.1912860,55.9468360,-3.1912580,55.9468340,11.968094,0.375000
72,91,6.954,-3.1912830,55.9470930,-3.1911790,55.9471150,11.387948,0.375000
72,97,27.392,-3.1912830,55.9470930,-3.1911340,55.9468610,10.491984,0.500000
73,78,3.056,-3.1912790,55.9453790,-3.1912530,55.9454020,10.771926,0.500000
75,110,13.092,-3.1912720,55.9460130,-3.1910620,55.9460040,9.472032,0.375000
76,80,30.373,-3.1912610,55.9446270,-3.1912410,55.9449000,8.839098,0.500000
77,83,1.760,-3.1912580,55.9468340,-3.1912300,55.9468370,11.617563,0.375000
78,79,0.738,-3.1912530,55.9454020,-3.1912420,55.9453990,10.276234,0.500000
78,82,4.135,-3.1912530,55.9454020,-3.1912310,55.9454370,10.025741,0.500000
79,94,5.876,-3.1912420,55.9453990,-3.1911550,55.9453780,9.592754,0.375000
80,81,10.345,-3.1912410,55.9449000,-3.1912320,55.9449930,8.699876,0.500000
80,122,15.882,-3.1912410,55.9449000,-3.1909960,55.9449400,10.483250,0.500000
81,86,27.798,-3.1912320,55.9449930,-3.1912100,55.9452430,10.637795,0.375000
82,85,4.140,-3.1912310,55.9454370,-3.1912120,55.9454730,11.288478,0.250000
83,87,1.781,-3.1912300,55.9468370,-3.1912030,55.9468420,12.046227,0.250000
84,90,7.118,-3.1912270,55.9478470,-3.1911860,55.9477870,11.083465,0.250000
85,89,5.905,-3.1912120,55.9454730,-3.1911900,55.9455240,9.965376,0.375000
86,88,3.020,-3.1912100,55.9452430,-3.1911970,55.9452690,10.391368,0.500000
86,103,6.395,-3.1912100,55.9452430,-3.1911140,55.9452630,9.686724,0.500000
87,97,4.764,-3.1912030,55.9468420,-3.1911340,55.9468610,10.673717,0.375000
88,101,5.215,-3.1911970,55.9452690,-3.1911160,55.9452810,9.147279,0.625000
89,92,7.616,-3.1911900,55.9455240,-3.1911600,55.9455910,8.441830,0.500000
90,106,6.370,-3.1911860,55.9477870,-3.1910910,55.9478090,12.110404,0.250000
91,123,12.547,-3.1911790,55.9471150,-3.1909930,55.9471580,10.698538,0.500000
92,93,3.806,-3.1911600,55.9455910,-3.1911570,55.9455570,11.283392,0.375000
92,110,46.359,-3.1911600,55.9455910,-3.1910620,55.9460040,9.980171,0.500000
93,95,3.442,-3.1911570,55.9455570,-3.1911480,55.9455260,11.608578,0.250000
94,96,2.840,-3.1911550,55.9453780,-3.1911390,55.9453540,10.203717,0.375000
94,105,6.697,-3.1911550,55.9453780,-3.1910910,55.9454260,10.170156,0.375000
95,98,3.210,-3.1911480,55.9455260,-3.1911330,55.9454980,10.792202,0.250000
96,99,3.481,-3.1911390,55.9453540,-3.1911200,55.9453250,9.884742,0.500000
97,107,8.601,-3.1911340,55.9468610,-3.1910880,55.9467880,10.251250,0.500000
98,102,2.816,-3.1911330,55.9454980,-3.1911150,55.9454750,12.177116,0.250000
99,100,3.886,-3.1911200,55.9453250,-3.1911170,55.9452900,10.275308,0.500000
99,109,3.359,-3.1911200,55.9453250,-3.1910680,55.9453320,8.481238,0.500000
100,101,1.035,-3.1911170,55.9452900,-3.1911160,55.9452810,8.750354,0.500000
101,103,1.996,-3.1911160,55.9452810,-3.1911140,55.9452630,8.923230,0.625000
101,129,11.011,-3.1911160,55.9452810,-3.1909450,55.9453050,7.458439,0.750000
102,104,2.837,-3.1911150,55.9454750,-3.1910940,55.9454530,12.920862,0.250000
103,126,10.236,-3.1911140,55.9452630,-3.1909570,55.9452900,11.772489,0.375000
104,108,1.977,-3.1910940,55.9454530,-3.1910750,55.9454380,10.345239,0.375000
105,108,1.665,-3.1910910,55.9454260,-3.1910750,55.9454380,10.768537,0.375000
107,112,15.739,-3.1910880,55.9467880,-3.1910390,55.9466490,10.022062,0.375000
107,130,17.887,-3.1910880,55.9467880,-3.1909390,55.9466500,10.233295,0.375000
108,111,2.240,-3.1910750,55.9454380,-3.1910460,55.9454260,10.436727,0.375000
109,133,9.883,-3.1910680,55.9453320,-3.1909140,55.9453530,11.616227,0.375000
110,121,29.478,-3.1910620,55.9460040,-3.1910000,55.9462670,10.005839,0.500000
111,120,2.570,-3.1910460,55.9454260,-3.1910090,55.9454160,10.068042,0.250000
112,113,3.684,-3.1910390,55.9466490,-3.1910290,55.9466160,11.392466,0.250000
113,115,3.911,-3.1910290,55.9466160,-3.1910200,55.9465820,10.179690,0.250000
114,123,4.363,-3.1910210,55.9471940,-3.1909930,55.9471580,9.592397,0.375000
115,119,6.084,-3.1910200,55.9465820,-3.1910110,55.9465270,10.511179,0.250000
116,117,5.148,-3.1910130,55.9463300,-3.1910130,55.9463760,13.112795,0.250000
116,121,7.065,-3.1910130,55.9463300,-3.1910000,55.9462670,9.180489,0.375000
117,118,9.441,-3.1910130,55.9463760,-3.1910120,55.9464610,10.644156,0.250000
118,119,7.339,-3.1910120,55.9464610,-3.1910110,55.9465270,10.230119,0.250000
120,127,3.498,-3.1910090,55.9454160,-3.1909560,55.9454060,10.501249,0.250000
121,124,6.076,-3.1910000,55.9462670,-3.1909780,55.9463200,11.729514,0.375000
122,131,3.892,-3.1909960,55.9449400,-3.1909360,55.9449500,11.252041,0.250000
123,128,6.874,-3.1909930,55.9471580,-3.1909480,55.9471020,9.997667,0.500000
123,166,26.466,-3.1909930,55.9471580,-3.1905970,55.9472450,9.332420,0.500000
124,125,3.636,-3.1909780,55.9463200,-3.1909590,55.9463510,13.246326,0.250000
125,132,3.870,-3.1909590,55.9463510,-3.1909360,55.9463830,12.644633,0.250000
126,129,1.881,-3.1909570,55.9452900,-3.1909450,55.9453050,8.265060,0.500000
127,135,4.303,-3.1909560,55.9454060,-3.1908870,55.9454030,12.599133,0.250000
128,216,72.368,-3.1909480,55.9471020,-3.1898610,55.9473330,8.926651,0.500000
129,133,5.645,-3.1909450,55.9453050,-3.1909140,55.9453530,7.782537,0.625000
129,176,39.069,-3.1909450,55.9453050,-3.1903540,55.9454230,7.923664,0.750000
130,137,11.667,-3.1909390,55.9466500,-3.1908360,55.9465630,13.063534,0.250000
131,160,20.014,-3.1909360,55.9449500,-3.1906250,55.9449960,9.846575,0.500000
132,134,3.442,-3.1909360,55.9463830,-3.1909060,55.9464090,10.970742,0.250000
133,152,16.187,-3.1909140,55.9453530,-3.1906750,55.9454100,9.932070,0.500000
134,136,3.538,-3.1909060,55.9464090,-3.1908670,55.9464330,10.782817,0.250000
135,139,6.759,-3.1908870,55.9454030,-3.1907780,55.9454060,11.410363,0.250000
136,138,3.758,-3.1908670,55.9464330,-3.1908130,55.9464480,11.186499,0.250000
137,140,5.749,-3.1908360,55.9465630,-3.1907740,55.9465250,11.318479,0.250000
138,141,4.193,-3.1908130,55.9464480,-3.1907470,55.9464560,11.426680,0.250000
139,152,6.490,-3.1907780,55.9454060,-3.1906750,55.9454100,10.896290,0.375000
140,156,10.689,-3.1907740,55.9465250,-3.1906500,55.9464580,9.283528,0.500000
141,147,3.029,-3.1907470,55.9464560,-3.1906990,55.9464590,10.858861,0.250000
142,145,3.676,-3.1907410,55.9474550,-3.1907210,55.9474230,13.085561,0.250000
142,148,6.921,-3.1907410,55.9474550,-3.1906920,55.9475110,11.483032,0.250000
143,148,8.353,-3.1907390,55.9475810,-3.1906920,55.9475110,10.191893,0.250000
143,150,3.461,-3.1907390,55.9475810,-3.1906870,55.9475920,9.424528,0.375000
144,146,1.464,-3.1907270,55.9451940,-3.1907050,55.9451980,10.464076,0.250000
144,160,22.925,-3.1907270,55.9451940,-3.1906250,55.9449960,9.097864,0.500000
145,151,7.009,-3.1907210,55.9474230,-3.1906810,55.9473650,12.171983,0.250000
146,149,1.032,-3.1907050,55.9451980,-3.1906890,55.9452010,13.079267,0.250000
147,156,3.083,-3.1906990,55.9464590,-3.1906500,55.9464580,9.856558,0.500000
149,177,23.421,-3.1906890,55.9452010,-3.1903310,55.9452650,12.573771,0.250000
150,153,1.591,-3.1906870,55.9475920,-3.1906630,55.9475980,9.430846,0.500000
150,154,5.772,-3.1906870,55.9475920,-3.1906570,55.9475430,10.245149,0.500000
151,157,3.076,-3.1906810,55.9473650,-3.1906340,55.9473740,8.974680,0.500000
152,175,19.473,-3.1906750,55.9454100,-3.1903800,55.9454690,9.269002,0.500000
153,154,6.051,-3.1906630,55.9475980,-3.1906570,55.9475430,9.794941,0.500000
153,161,2.526,-3.1906630,55.9475980,-3.1906250,55.9476060,10.639494,0.375000
154,159,11.155,-3.1906570,55.9475430,-3.1906270,55.9474440,10.351848,0.500000
155,158,1.331,-3.1906520,55.9450960,-3.1906310,55.9450990,12.279622,0.250000
155,162,5.970,-3.1906520,55.9450960,-3.1906240,55.9450440,11.176541,0.250000
156,167,4.663,-3.1906500,55.9464580,-3.1905940,55.9464870,10.506080,0.500000
156,238,92.927,-3.1906500,55.9464580,-3.1895320,55.9459050,10.200226,0.500000
157,159,7.786,-3.1906340,55.9473740,-3.1906270,55.9474440,7.897373,0.625000
157,169,13.771,-3.1906340,55.9473740,-3.1905480,55.9472600,9.375143,0.625000
157,171,6.150,-3.1906340,55.9473740,-3.1905420,55.9473940,7.277604,0.750000
158,172,6.024,-3.1906310,55.9450990,-3.1905390,55.9451150,11.373695,0.250000
159,171,7.692,-3.1906270,55.9474440,-3.1905420,55.9473940,7.562449,0.625000
160,163,2.013,-3.1906250,55.9449960,-3.1906160,55.9449790,9.096212,0.500000
160,165,1.619,-3.1906250,55.9449960,-3.1906000,55.9450000,7.326670,0.625000
161,170,14.246,-3.1906250,55.9476060,-3.1905430,55.9474860,10.603753,0.250000
162,164,2.799,-3.1906240,55.9450440,-3.1906110,55.9450200,11.977270,0.250000
163,191,30.533,-3.1906160,55.9449790,-3.1901440,55.9450520,11.703004,0.250000
164,165,2.323,-3.1906110,55.9450200,-3.1906000,55.9450000,11.161106,0.375000
165,188,28.638,-3.1906000,55.9450000,-3.1901600,55.9450750,10.124785,0.500000
166,169,3.472,-3.1905970,55.9472450,-3.1905480,55.9472600,9.272658,0.375000
167,211,43.608,-3.1905940,55.9464870,-3.1899640,55.9466570,14.079431,0.125000
168,170,1.054,-3.1905590,55.9474830,-3.1905430,55.9474860,12.406063,0.250000
168,173,9.580,-3.1905590,55.9474830,-3.1905020,55.9474030,10.112660,0.250000
169,174,6.183,-3.1905480,55.9472600,-3.1904610,55.9472870,8.307105,0.500000
171,173,2.691,-3.1905420,55.9473940,-3.1905020,55.9474030,8.968668,0.500000
171,174,12.928,-3.1905420,55.9473940,-3.1904610,55.9472870,8.135498,0.625000
172,181,17.408,-3.1905390,55.9451150,-3.1902710,55.9451600,12.477893,0.250000
174,180,10.333,-3.1904610,55.9472870,-3.1903160,55.9473320,11.124875,0.375000
175,176,5.367,-3.1903800,55.9454690,-3.1903540,55.9454230,7.494163,0.625000
175,204,22.124,-3.1903800,55.9454690,-3.1900450,55.9455360,9.001254,0.500000
176,179,6.337,-3.1903540,55.9454230,-3.1903230,55.9453690,9.900839,0.500000
176,239,53.726,-3.1903540,55.9454230,-3.1895280,55.9455630,9.792716,0.500000
177,178,0.981,-3.1903310,55.9452650,-3.1903260,55.9452560,10.933219,0.250000
178,182,4.032,-3.1903260,55.9452560,-3.1902640,55.9452670,10.178051,0.500000
179,182,11.884,-3.1903230,55.9453690,-3.1902640,55.9452670,10.499132,0.500000
180,252,60.753,-3.1903160,55.9473320,-3.1894060,55.9475290,10.288597,0.375000
181,184,3.871,-3.1902710,55.9451600,-3.1902120,55.9451700,10.583197,0.375000
182,183,2.004,-3.1902640,55.9452670,-3.1902330,55.9452730,10.273999,0.500000
182,184,11.292,-3.1902640,55.9452670,-3.1902120,55.9451700,8.628934,0.625000
183,186,2.321,-3.1902330,55.9452730,-3.1901980,55.9452790,12.477327,0.250000
184,188,11.082,-3.1902120,55.9451700,-3.1901600,55.9450750,9.959890,0.500000
185,186,1.020,-3.1902020,55.9452880,-3.1901980,55.9452790,11.263746,0.250000
185,189,3.512,-3.1902020,55.9452880,-3.1901480,55.9452970,12.694760,0.250000
187,206,8.326,-3.1901620,55.9444770,-3.1900340,55.9444980,13.539920,0.125000
188,193,3.183,-3.1901600,55.9450750,-3.1901100,55.9450810,10.703726,0.375000
189,198,12.632,-3.1901480,55.9452970,-3.1900870,55.9451890,12.236505,0.250000
190,191,0.450,-3.1901450,55.9450560,-3.1901440,55.9450520,12.380235,0.250000
190,192,1.730,-3.1901450,55.9450560,-3.1901190,55.9450600,12.827219,0.250000
192,195,1.733,-3.1901190,55.9450600,-3.1900920,55.9450640,10.464338,0.250000
193,202,3.210,-3.1901100,55.9450810,-3.1900590,55.9450820,12.754975,0.250000
194,196,3.949,-3.1901080,55.9451850,-3.1900910,55.9451510,11.382005,0.250000
194,198,1.403,-3.1901080,55.9451850,-3.1900870,55.9451890,12.284374,0.250000
195,197,0.450,-3.1900920,55.9450640,-3.1900900,55.9450600,12.873095,0.250000
196,199,0.741,-3.1900910,55.9451510,-3.1900790,55.9451530,11.933225,0.250000
197,209,5.469,-3.1900900,55.9450600,-3.1900050,55.9450730,12.965584,0.250000
199,200,0.792,-3.1900790,55.9451530,-3.1900710,55.9451470,10.304993,0.250000
200,201,0.834,-3.1900710,55.9451470,-3.1900600,55.9451430,12.653330,0.250000
201,203,0.805,-3.1900600,55.9451430,-3.1900490,55.9451390,11.442617,0.250000
202,208,2.962,-3.1900590,55.9450820,-3.1900120,55.9450860,9.276060,0.500000
203,205,0.895,-3.1900490,55.9451390,-3.1900360,55.9451360,11.940585,0.250000
204,210,4.077,-3.1900450,55.9455360,-3.1899850,55.9455510,11.960552,0.375000
204,213,7.646,-3.1900450,55.9455360,-3.1899230,55.9455350,10.069295,0.375000
205,207,4.264,-3.1900360,55.9451360,-3.1900180,55.9450990,10.495761,0.250000
206,249,37.897,-3.1900340,55.9444980,-3.1894470,55.9445890,12.490779,0.250000
207,208,1.487,-3.1900180,55.9450990,-3.1900120,55.9450860,10.462970,0.500000
208,209,1.475,-3.1900120,55.9450860,-3.1900050,55.9450730,10.292798,0.500000
208,221,13.072,-3.1900120,55.9450860,-3.1898090,55.9451170,10.092869,0.500000
210,212,3.674,-3.1899850,55.9455510,-3.1899330,55.9455660,12.441334,0.250000
212,215,3.212,-3.1899330,55.9455660,-3.1898900,55.9455820,11.049730,0.375000
213,220,6.953,-3.1899230,55.9455350,-3.1898130,55.9455480,12.513866,0.250000
214,216,6.840,-3.1899010,55.9473900,-3.1898610,55.9473330,10.771484,0.500000
214,256,34.358,-3.1899010,55.9473900,-3.1893860,55.9475020,9.992058,0.500000
215,218,4.014,-3.1898900,55.9455820,-3.1898260,55.9455840,9.939242,0.375000
215,223,7.144,-3.1898900,55.9455820,-3.1898000,55.9456220,11.193355,0.375000
216,217,5.935,-3.1898610,55.9473330,-3.1898270,55.9472830,8.304113,0.500000
216,258,34.366,-3.1898610,55.9473330,-3.1893470,55.9474460,7.648511,0.750000
217,219,1.202,-3.1898270,55.9472830,-3.1898200,55.9472730,11.159311,0.250000
218,226,4.268,-3.1898260,55.9455840,-3.1897580,55.9455870,11.645193,0.250000
219,235,15.430,-3.1898200,55.9472730,-3.1895910,55.9473260,11.427953,0.250000
220,229,7.707,-3.1898130,55.9455480,-3.1896980,55.9455730,10.183030,0.250000
221,225,11.012,-3.1898090,55.9451170,-3.1897630,55.9450220,9.650123,0.375000
222,224,3.945,-3.1898060,55.9472540,-3.1897840,55.9472200,10.243707,0.250000
222,257,31.008,-3.1898060,55.9472540,-3.1893510,55.9473670,11.174169,0.250000
223,228,5.650,-3.1898000,55.9456220,-3.1897310,55.9456550,12.644952,0.250000
224,232,8.820,-3.1897840,55.9472200,-3.1896510,55.9472490,10.825055,0.250000
225,227,3.011,-3.1897630,55.9450220,-3.1897500,55.9449960,10.776349,0.375000
225,273,40.141,-3.1897630,55.9450220,-3.1891410,55.9451180,11.913641,0.375000
226,230,4.712,-3.1897580,55.9455870,-3.1896840,55.9455970,11.307705,0.250000
227,234,33.284,-3.1897500,55.9449960,-3.1896070,55.9447070,13.079334,0.125000
228,231,5.678,-3.1897310,55.9456550,-3.1896650,55.9456900,10.951339,0.250000
229,233,6.546,-3.1896980,55.9455730,-3.1896170,55.9456110,9.284928,0.375000
230,233,4.449,-3.1896840,55.9455970,-3.1896170,55.9456110,9.519588,0.375000
231,236,6.875,-3.1896650,55.9456900,-3.1895870,55.9457340,13.060146,0.250000
232,265,25.494,-3.1896510,55.9472490,-3.1892690,55.9473310,10.372042,0.375000
233,237,4.239,-3.1896170,55.9456110,-3.1895570,55.9456290,10.574957,0.375000
235,257,15.592,-3.1895910,55.9473260,-3.1893510,55.9473670,13.134067,0.250000
236,241,6.208,-3.1895870,55.9457340,-3.1895210,55.9457760,10.145659,0.250000
237,242,4.122,-3.1895570,55.9456290,-3.1895030,55.9456500,10.197813,0.250000
238,243,3.002,-3.1895320,55.9459050,-3.1894950,55.9458870,9.927999,0.375000
239,254,11.170,-3.1895280,55.9455630,-3.1893920,55.9456280,11.251136,0.250000
240,251,7.169,-3.1895260,55.9479320,-3.1894150,55.9479480,13.075268,0.125000
241,244,4.338,-3.1895210,55.9457760,-3.1894850,55.9458090,9.649548,0.375000
242,248,4.721,-3.1895030,55.9456500,-3.1894500,55.9456810,12.346959,0.250000
243,245,3.024,-3.1894950,55.9458870,-3.1894790,55.9458610,11.851486,0.375000
243,247,2.797,-3.1894950,55.9458870,-3.1894510,55.9458840,9.316458,0.375000
244,246,4.136,-3.1894850,55.9458090,-3.1894770,55.9458460,11.321172,0.375000
244,255,5.866,-3.1894850,55.9458090,-3.1893910,55.9458090,8.855939,0.500000
245,246,1.718,-3.1894790,55.9458610,-3.1894770,55.9458460,12.318154,0.250000
247,253,3.573,-3.1894510,55.9458840,-3.1893930,55.9458870,10.603881,0.375000
248,261,13.144,-3.1894500,55.9456810,-3.1893120,55.9457700,10.580557,0.500000
249,362,86.911,-3.1894470,55.9445890,-3.1881000,55.9447940,10.135378,0.375000
250,282,42.095,-3.1894460,55.9465320,-3.1889030,55.9463060,11.895324,0.250000
251,260,8.351,-3.1894150,55.9479480,-3.1893150,55.9478980,11.022679,0.250000
252,256,3.291,-3.1894060,55.9475290,-3.1893860,55.9475020,7.323533,0.625000
252,303,56.623,-3.1894060,55.9475290,-3.1885580,55.9477130,9.505218,0.500000
253,255,8.630,-3.1893930,55.9458870,-3.1893910,55.9458090,8.713493,0.500000
253,259,3.889,-3.1893930,55.9458870,-3.1893340,55.9458980,10.171539,0.375000
254,271,15.404,-3.1893920,55.9456280,-3.1892040,55.9457180,12.035966,0.375000
255,261,6.591,-3.1893910,55.9458090,-3.1893120,55.9457700,8.945233,0.625000
256,258,6.664,-3.1893860,55.9475020,-3.1893470,55.9474460,6.655542,0.750000
256,283,33.634,-3.1893860,55.9475020,-3.1888820,55.9476100,8.336487,0.500000
258,262,6.583,-3.1893470,55.9474460,-3.1893090,55.9473900,9.778517,0.500000
258,272,12.530,-3.1893470,55.9474460,-3.1891600,55.9474870,10.333863,0.500000
259,263,3.575,-3.1893340,55.9458980,-3.1892840,55.9459140,12.185898,0.250000
260,295,42.562,-3.1893150,55.9478980,-3.1886730,55.9480290,11.639771,0.250000
261,266,5.071,-3.1893120,55.9457700,-3.1892640,55.9458070,8.667792,0.500000
261,271,8.819,-3.1893120,55.9457700,-3.1892040,55.9457180,8.501117,0.625000
262,265,7.019,-3.1893090,55.9473900,-3.1892690,55.9473310,11.985562,0.375000
263,267,3.079,-3.1892840,55.9459140,-3.1892470,55.9459320,10.915305,0.250000
264,268,9.031,-3.1892730,55.9474180,-3.1892210,55.9473420,12.813248,0.250000
264,274,9.406,-3.1892730,55.9474180,-3.1891330,55.9474490,8.713733,0.500000
265,268,3.210,-3.1892690,55.9473310,-3.1892210,55.9473420,9.364887,0.375000
266,270,5.796,-3.1892640,55.9458070,-3.1892100,55.9458490,11.040408,0.250000
267,269,2.840,-3.1892470,55.9459320,-3.1892190,55.9459520,10.601773,0.250000
269,285,43.418,-3.1892190,55.9459520,-3.1888200,55.9462720,11.220034,0.375000
270,277,20.254,-3.1892100,55.9458490,-3.1890200,55.9459970,12.478672,0.250000
271,278,21.436,-3.1892040,55.9457180,-3.1889870,55.9458680,11.605280,0.375000
272,274,4.556,-3.1891600,55.9474870,-3.1891330,55.9474490,8.436411,0.500000
273,276,5.726,-3.1891410,55.9451180,-3.1890530,55.9451320,12.060141,0.250000
274,275,8.975,-3.1891330,55.9474490,-3.1890800,55.9473740,10.542423,0.375000
274,279,10.382,-3.1891330,55.9474490,-3.1889780,55.9474840,9.934777,0.500000
276,297,24.866,-3.1890530,55.9451320,-3.1886680,55.9451920,11.214853,0.375000
277,298,37.836,-3.1890200,55.9459970,-3.1886610,55.9462720,11.122862,0.250000
278,280,5.665,-3.1889870,55.9458680,-3.1889280,55.9459060,10.609612,0.250000
279,281,9.295,-3.1889780,55.9474840,-3.1889250,55.9474060,11.019469,0.250000
280,284,8.084,-3.1889280,55.9459060,-3.1888470,55.9459630,11.410321,0.250000
281,290,10.675,-3.1889250,55.9474060,-3.1887650,55.9474400,12.054657,0.250000
282,285,6.410,-3.1889030,55.9463060,-3.1888200,55.9462720,8.812706,0.500000
282,286,9.237,-3.1889030,55.9463060,-3.1888140,55.9463730,11.548454,0.375000
283,287,12.536,-3.1888820,55.9476100,-3.1888090,55.9475050,10.277241,0.250000
284,288,6.645,-3.1888470,55.9459630,-3.1887820,55.9460110,11.839719,0.250000
285,292,8.647,-3.1888200,55.9462720,-3.1887350,55.9463340,10.256249,0.375000
286,331,47.796,-3.1888140,55.9463730,-3.1883370,55.9467090,12.437939,0.250000
287,290,7.722,-3.1888090,55.9475050,-3.1887650,55.9474400,12.022865,0.250000
288,291,2.637,-3.1887820,55.9460110,-3.1887530,55.9460280,12.526558,0.250000
289,294,4.012,-3.1887790,55.9450980,-3.1887170,55.9451070,12.228318,0.125000
291,293,2.399,-3.1887530,55.9460280,-3.1887200,55.9460390,10.784885,0.250000
292,306,19.171,-3.1887350,55.9463340,-3.1885450,55.9464690,12.464172,0.250000
293,305,12.083,-3.1887200,55.9460390,-3.1885510,55.9460930,12.214922,0.250000
294,296,3.032,-3.1887170,55.9451070,-3.1886680,55.9451050,13.232158,0.250000
295,312,34.140,-3.1886730,55.9480290,-3.1884870,55.9477400,10.617867,0.375000
296,299,2.576,-3.1886680,55.9451050,-3.1886280,55.9451110,10.787350,0.500000
297,299,9.374,-3.1886680,55.9451920,-3.1886280,55.9451110,8.719732,0.625000
297,359,34.352,-3.1886680,55.9451920,-3.1881360,55.9452750,10.471970,0.500000
298,311,17.028,-3.1886610,55.9462720,-3.1884920,55.9463920,10.709398,0.250000
299,300,0.830,-3.1886280,55.9451110,-3.1886250,55.9451040,9.902733,0.500000
299,308,7.568,-3.1886280,55.9451110,-3.1885110,55.9451280,9.264780,0.500000
300,302,3.562,-3.1886250,55.9451040,-3.1886100,55.9450730,12.366176,0.125000
301,321,41.285,-3.1886140,55.9481140,-3.1884230,55.9477580,11.516682,0.250000
303,312,5.328,-3.1885580,55.9477130,-3.1884870,55.9477400,10.224674,0.500000
303,324,10.429,-3.1885580,55.9477130,-3.1883920,55.9476980,8.192462,0.625000
304,305,3.827,-3.1885560,55.9461270,-3.1885510,55.9460930,13.041615,0.250000
304,307,3.180,-3.1885560,55.9461270,-3.1885320,55.9461520,12.651999,0.250000
306,310,5.460,-3.1885450,55.9464690,-3.1884930,55.9465090,13.242893,0.250000
307,309,3.240,-3.1885320,55.9461520,-3.1884950,55.9461730,11.778308,0.375000
308,313,2.208,-3.1885110,55.9451280,-3.1884760,55.9451260,11.347232,0.250000
309,314,2.600,-3.1884950,55.9461730,-3.1884730,55.9461930,11.827864,0.375000
309,326,7.841,-3.1884950,55.9461730,-3.1883700,55.9461780,12.922739,0.250000
310,320,5.658,-3.1884930,55.9465090,-3.1884270,55.9465440,10.886661,0.250000
311,322,9.092,-3.1884920,55.9463920,-3.1884010,55.9464560,10.731526,0.250000
312,319,3.890,-3.1884870,55.9477400,-3.1884320,55.9477570,10.720387,0.500000
313,318,2.418,-3.1884760,55.9451260,-3.1884380,55.9451210,10.056538,0.250000
314,317,3.193,-3.1884730,55.9461930,-3.1884570,55.9462200,11.258894,0.250000
315,317,9.624,-3.1884730,55.9463060,-3.1884570,55.9462200,9.545238,0.375000
315,325,8.607,-3.1884730,55.9463060,-3.1883830,55.9463650,11.044375,0.375000
315,375,31.718,-3.1884730,55.9463060,-3.1879950,55.9464050,9.784293,0.375000
316,323,4.971,-3.1884610,55.9450850,-3.1884000,55.9451130,10.014617,0.375000
316,330,8.241,-3.1884610,55.9450850,-3.1883400,55.9450550,11.357910,0.250000
318,323,2.532,-3.1884380,55.9451210,-3.1884000,55.9451130,12.054455,0.375000
319,321,0.600,-3.1884320,55.9477570,-3.1884230,55.9477580,10.108744,0.500000
319,324,7.001,-3.1884320,55.9477570,-3.1883920,55.9476980,7.714638,0.625000
320,329,6.621,-3.1884270,55.9465440,-3.1883420,55.9465800,13.092767,0.250000
321,460,51.289,-3.1884230,55.9477580,-3.1876390,55.9478990,10.243579,0.250000
322,333,6.248,-3.1884010,55.9464560,-3.1883290,55.9464950,10.291607,0.250000
323,327,2.126,-3.1884000,55.9451130,-3.1883690,55.9451040,10.213013,0.375000
324,346,9.699,-3.1883920,55.9476980,-3.1882370,55.9476920,8.814525,0.500000
324,348,34.551,-3.1883920,55.9476980,-3.1882330,55.9474000,8.213284,0.500000
325,335,6.849,-3.1883830,55.9463650,-3.1883040,55.9464070,11.943310,0.250000
327,332,2.593,-3.1883690,55.9451040,-3.1883340,55.9450920,11.548022,0.250000
328,334,5.349,-3.1883550,55.9468730,-3.1883210,55.9468280,10.943827,0.250000
328,337,4.974,-3.1883550,55.9468730,-3.1882800,55.9468890,12.882725,0.250000
329,342,5.886,-3.1883420,55.9465800,-3.1882590,55.9466050,10.791640,0.250000
330,341,4.289,-3.1883400,55.9450550,-3.1882710,55.9450560,9.630238,0.375000
331,340,7.394,-3.1883370,55.9467090,-3.1882720,55.9467650,10.478606,0.375000
332,336,2.952,-3.1883340,55.9450920,-3.1882980,55.9450740,10.726701,0.375000
333,344,5.829,-3.1883290,55.9464950,-3.1882540,55.9465270,10.759842,0.250000
334,340,7.735,-3.1883210,55.9468280,-3.1882720,55.9467650,10.860876,0.375000
335,350,6.758,-3.1883040,55.9464070,-3.1882160,55.9464430,12.641446,0.250000
336,338,1.821,-3.1882980,55.9450740,-3.1882790,55.9450620,11.955489,0.375000
336,357,9.959,-3.1882980,55.9450740,-3.1881430,55.9450970,10.322393,0.375000
337,339,0.463,-3.1882800,55.9468890,-3.1882780,55.9468850,13.263885,0.250000
338,341,0.791,-3.1882790,55.9450620,-3.1882710,55.9450560,11.936442,0.375000
339,352,5.705,-3.1882780,55.9468850,-3.1881910,55.9469030,10.577772,0.250000
340,345,3.232,-3.1882720,55.9467650,-3.1882540,55.9467370,10.385790,0.375000
341,343,1.437,-3.1882710,55.9450560,-3.1882570,55.9450460,11.129175,0.375000
342,355,6.653,-3.1882590,55.9466050,-3.1881570,55.9466230,12.453102,0.250000
343,349,3.586,-3.1882570,55.9450460,-3.1882300,55.9450180,12.638029,0.250000
344,354,6.056,-3.1882540,55.9465270,-3.1881650,55.9465490,12.366845,0.250000
345,356,6.495,-3.1882540,55.9467370,-3.1881510,55.9467460,10.274984,0.250000
346,467,42.488,-3.1882370,55.9476920,-3.1875880,55.9478100,10.852442,0.250000
347,359,20.120,-3.1882330,55.9454470,-3.1881360,55.9452750,11.730448,0.375000
347,409,25.524,-3.1882330,55.9454470,-3.1878370,55.9455070,9.298519,0.375000
348,351,4.137,-3.1882330,55.9474000,-3.1882130,55.9473650,10.979013,0.250000
349,360,21.161,-3.1882300,55.9450180,-3.1881220,55.9448370,12.364950,0.250000
350,353,3.493,-3.1882160,55.9464430,-3.1881650,55.9464570,12.626832,0.250000
351,364,27.156,-3.1882130,55.9473650,-3.1880820,55.9471320,11.798765,0.375000
352,365,8.544,-3.1881910,55.9469030,-3.1880630,55.9469290,11.763886,0.250000
353,361,3.637,-3.1881650,55.9464570,-3.1881100,55.9464670,12.943541,0.250000
354,363,4.826,-3.1881650,55.9465490,-3.1880890,55.9465580,10.413800,0.250000
355,367,6.620,-3.1881570,55.9466230,-3.1880510,55.9466280,10.905954,0.250000
356,358,7.176,-3.1881510,55.9467460,-3.1881370,55.9466820,11.533772,0.250000
357,368,6.354,-3.1881430,55.9450970,-3.1880450,55.9451110,10.604850,0.375000
358,378,9.838,-3.1881370,55.9466820,-3.1879800,55.9466780,8.960341,0.500000
359,368,19.052,-3.1881360,55.9452750,-3.1880450,55.9451110,9.900678,0.500000
360,362,4.981,-3.1881220,55.9448370,-3.1881000,55.9447940,11.762953,0.375000
361,366,3.348,-3.1881100,55.9464670,-3.1880570,55.9464720,11.770942,0.250000
362,397,13.660,-3.1881000,55.9447940,-3.1878890,55.9448280,8.656717,0.500000
363,376,6.019,-3.1880890,55.9465580,-3.1879930,55.9465600,10.069362,0.250000
364,370,3.904,-3.1880820,55.9471320,-3.1880220,55.9471420,9.378502,0.375000
364,381,26.855,-3.1880820,55.9471320,-3.1879700,55.9468990,10.960311,0.375000
365,369,2.114,-3.1880630,55.9469290,-3.1880300,55.9469350,10.523197,0.250000
366,372,3.400,-3.1880570,55.9464720,-3.1880020,55.9464720,10.686403,0.375000
367,383,5.543,-3.1880510,55.9466280,-3.1879620,55.9466290,11.105290,0.250000
368,371,6.001,-3.1880450,55.9451110,-3.1880160,55.9450600,9.428903,0.500000
369,374,6.489,-3.1880300,55.9469350,-3.1879980,55.9468790,11.824482,0.250000
370,423,15.427,-3.1880220,55.9471420,-3.1877850,55.9471820,10.284482,0.250000
371,384,12.026,-3.1880160,55.9450600,-3.1879580,55.9449560,9.679128,0.375000
371,395,8.209,-3.1880160,55.9450600,-3.1878900,55.9450820,10.700813,0.500000
372,373,3.740,-3.1880020,55.9464720,-3.1880000,55.9465060,10.812359,0.375000
372,387,3.583,-3.1880020,55.9464720,-3.1879450,55.9464680,11.399895,0.375000
373,378,19.177,-3.1880000,55.9465060,-3.1879800,55.9466780,8.333219,0.500000
374,377,1.574,-3.1879980,55.9468790,-3.1879850,55.9468670,12.225205,0.250000
375,380,1.569,-3.1879950,55.9464050,-3.1879710,55.9464080,11.070726,0.250000
376,391,5.172,-3.1879930,55.9465600,-3.1879110,55.9465510,10.125789,0.250000
377,379,0.960,-3.1879850,55.9468670,-3.1879760,55.9468600,11.031269,0.250000
378,385,18.787,-3.1879800,55.9466780,-3.1879550,55.9468460,6.385182,0.750000
378,415,10.449,-3.1879800,55.9466780,-3.1878120,55.9466730,9.245682,0.500000
379,382,1.042,-3.1879760,55.9468600,-3.1879670,55.9468520,11.231496,0.250000
380,386,1.455,-3.1879710,55.9464080,-3.1879480,55.9464040,13.027952,0.250000
381,389,2.887,-3.1879700,55.9468990,-3.1879350,55.9468820,9.566812,0.375000
382,385,1.026,-3.1879670,55.9468520,-3.1879550,55.9468460,8.733785,0.500000
383,396,4.523,-3.1879620,55.9466290,-3.1878900,55.9466230,12.458360,0.250000
384,397,14.906,-3.1879580,55.9449560,-3.1878890,55.9448280,9.148910,0.375000
385,389,4.170,-3.1879550,55.9468460,-3.1879350,55.9468820,9.338147,0.625000
385,390,1.489,-3.1879550,55.9468460,-3.1879320,55.9468430,10.529879,0.500000
386,392,3.410,-3.1879480,55.9464040,-3.1879060,55.9463850,12.685001,0.250000
387,394,3.548,-3.1879450,55.9464680,-3.1878910,55.9464570,12.482928,0.250000
388,395,10.869,-3.1879410,55.9451750,-3.1878900,55.9450820,12.046173,0.375000
388,452,16.452,-3.1879410,55.9451750,-3.1876770,55.9451770,11.947775,0.375000
389,486,38.393,-3.1879350,55.9468820,-3.1873400,55.9469720,9.808468,0.500000
390,428,11.339,-3.1879320,55.9468430,-3.1877570,55.9468710,13.025090,0.250000
391,410,5.157,-3.1879110,55.9465510,-3.1878330,55.9465340,12.979914,0.250000
392,403,3.230,-3.1879060,55.9463850,-3.1878690,55.9463640,10.154394,0.250000
393,429,9.089,-3.1878920,55.9462960,-3.1877480,55.9463100,12.728096,0.250000
394,406,3.164,-3.1878910,55.9464570,-3.1878450,55.9464450,11.947745,0.250000
395,402,3.965,-3.1878900,55.9450820,-3.1878710,55.9450470,11.127150,0.375000
396,413,4.640,-3.1878900,55.9466230,-3.1878190,55.9466090,10.136536,0.250000
397,420,19.614,-3.1878890,55.9448280,-3.1877980,55.9446590,12.362455,0.250000
398,399,1.280,-3.1878780,55.9474620,-3.1878770,55.9474730,10.339287,0.250000
398,400,1.415,-3.1878780,55.9474620,-3.1878720,55.9474490,11.163163,0.250000
399,401,1.034,-3.1878770,55.9474730,-3.1878720,55.9474820,12.399981,0.250000
400,416,13.499,-3.1878720,55.9474490,-3.1878100,55.9473330,8.630041,0.500000
401,404,0.771,-3.1878720,55.9474820,-3.1878660,55.9474880,12.458048,0.250000
402,418,14.878,-3.1878710,55.9450470,-3.1878020,55.9449190,10.455607,0.250000
403,412,4.932,-3.1878690,55.9463640,-3.1878190,55.9463300,10.409627,0.250000
404,405,0.881,-3.1878660,55.9474880,-3.1878580,55.9474940,10.331038,0.250000
405,407,1.016,-3.1878580,55.9474940,-3.1878450,55.9475000,12.067387,0.250000
406,417,2.787,-3.1878450,55.9464450,-3.1878060,55.9464330,11.115868,0.250000
407,411,1.630,-3.1878450,55.9475000,-3.1878210,55.9475060,10.326800,0.250000
408,416,2.222,-3.1878440,55.9473280,-3.1878100,55.9473330,11.149950,0.375000
409,419,2.356,-3.1878370,55.9455070,-3.1878000,55.9455120,10.281958,0.375000
409,421,9.792,-3.1878370,55.9455070,-3.1877880,55.9454230,11.006311,0.375000
410,427,5.098,-3.1878330,55.9465340,-3.1877650,55.9465090,13.258819,0.250000
411,465,14.086,-3.1878210,55.9475060,-3.1876040,55.9475420,11.238759,0.375000
412,422,2.530,-3.1878190,55.9463300,-3.1877860,55.9463160,10.530323,0.250000
413,434,5.858,-3.1878190,55.9466090,-3.1877390,55.9465820,10.149104,0.250000
414,424,7.268,-3.1878120,55.9450570,-3.1877790,55.9449950,11.230124,0.250000
414,462,11.934,-3.1878120,55.9450570,-3.1876280,55.9450880,9.866401,0.375000
415,425,5.686,-3.1878120,55.9466730,-3.1877740,55.9467190,11.739839,0.250000
416,431,14.205,-3.1878100,55.9473330,-3.1877450,55.9472110,8.864405,0.500000
416,444,6.902,-3.1878100,55.9473330,-3.1877040,55.9473510,9.980754,0.375000
417,426,3.132,-3.1878060,55.9464330,-3.1877650,55.9464170,11.745719,0.250000
418,430,3.725,-3.1878020,55.9449190,-3.1877450,55.9449290,11.419356,0.250000
419,443,6.021,-3.1878000,55.9455120,-3.1877070,55.9455260,10.447878,0.375000
421,436,8.227,-3.1877880,55.9454230,-3.1877340,55.9453550,11.735843,0.250000
422,429,2.496,-3.1877860,55.9463160,-3.1877480,55.9463100,11.923812,0.375000
423,439,3.948,-3.1877850,55.9471820,-3.1877240,55.9471920,11.511895,0.375000
424,430,7.581,-3.1877790,55.9449950,-3.1877450,55.9449290,12.615579,0.250000
425,433,3.612,-3.1877740,55.9467190,-3.1877400,55.9466930,12.519326,0.250000
426,438,2.888,-3.1877650,55.9464170,-3.1877310,55.9463990,11.203749,0.250000
427,445,5.395,-3.1877650,55.9465090,-3.1876990,55.9464780,10.048998,0.250000
428,432,2.656,-3.1877570,55.9468710,-3.1877410,55.9468490,11.193769,0.250000
429,447,3.426,-3.1877480,55.9463100,-3.1876960,55.9463210,10.232727,0.375000
431,437,1.423,-3.1877450,55.9472110,-3.1877340,55.9471990,11.680231,0.250000
432,440,4.071,-3.1877410,55.9468490,-3.1877200,55.9468140,12.010312,0.250000
433,442,2.052,-3.1877400,55.9466930,-3.1877090,55.9467000,11.204020,0.375000
434,455,5.272,-3.1877390,55.9465820,-3.1876730,55.9465530,13.217905,0.250000
435,443,6.773,-3.1877350,55.9455850,-3.1877070,55.9455260,11.112471,0.250000
436,446,8.282,-3.1877340,55.9453550,-3.1876980,55.9452840,12.353326,0.250000
437,439,0.992,-3.1877340,55.9471990,-3.1877240,55.9471920,10.244144,0.375000
438,451,4.413,-3.1877310,55.9463990,-3.1876880,55.9463680,11.262564,0.250000
439,441,1.001,-3.1877240,55.9471920,-3.1877120,55.9471870,9.884521,0.375000
440,456,9.810,-3.1877200,55.9468140,-3.1876660,55.9467310,10.694466,0.250000
441,450,1.304,-3.1877120,55.9471870,-3.1876930,55.9471810,10.952758,0.250000
442,448,0.928,-3.1877090,55.9467000,-3.1876950,55.9467030,11.017296,0.375000
442,468,13.585,-3.1877090,55.9467000,-3.1875870,55.9465990,10.229911,0.375000
443,495,31.238,-3.1877070,55.9455260,-3.1872220,55.9455980,9.789728,0.500000
445,459,4.944,-3.1876990,55.9464780,-3.1876450,55.9464450,10.729741,0.250000
446,457,8.178,-3.1876980,55.9452840,-3.1876600,55.9452130,11.091895,0.375000
447,461,4.074,-3.1876960,55.9463210,-3.1876310,55.9463160,10.512629,0.375000
448,453,2.799,-3.1876950,55.9467030,-3.1876750,55.9467250,11.374786,0.250000
449,452,3.569,-3.1876930,55.9452080,-3.1876770,55.9451770,9.645106,0.375000
449,457,2.213,-3.1876930,55.9452080,-3.1876600,55.9452130,10.021067,0.375000
450,454,1.235,-3.1876930,55.9471810,-3.1876740,55.9471780,10.095094,0.250000
451,461,6.705,-3.1876880,55.9463680,-3.1876310,55.9463160,11.222585,0.375000
452,462,10.334,-3.1876770,55.9451770,-3.1876280,55.9450880,9.888459,0.500000
453,456,0.896,-3.1876750,55.9467250,-3.1876660,55.9467310,12.060308,0.250000
454,458,1.252,-3.1876740,55.9471780,-3.1876540,55.9471780,12.987437,0.250000
455,464,5.672,-3.1876730,55.9465530,-3.1876150,55.9465130,10.705103,0.250000
457,463,2.168,-3.1876600,55.9452130,-3.1876260,55.9452190,10.655444,0.375000
458,481,13.830,-3.1876540,55.9471780,-3.1874420,55.9472140,11.894024,0.375000
459,466,5.259,-3.1876450,55.9464450,-3.1875880,55.9464100,11.424538,0.250000
461,471,8.121,-3.1876310,55.9463160,-3.1875750,55.9462510,11.731129,0.375000
462,473,14.765,-3.1876280,55.9450880,-3.1875590,55.9449610,10.555525,0.375000
463,469,9.333,-3.1876260,55.9452190,-3.1875860,55.9451380,11.776110,0.250000
464,470,4.861,-3.1876150,55.9465130,-3.1875760,55.9464750,11.980448,0.250000
465,472,6.613,-3.1876040,55.9475420,-3.1875740,55.9474850,13.246797,0.250000
465,505,32.346,-3.1876040,55.9475420,-3.1871060,55.9476250,9.522091,0.500000
466,478,8.746,-3.1875880,55.9464100,-3.1874990,55.9463500,10.473710,0.375000
467,573,61.734,-3.1875880,55.9478100,-3.1866370,55.9479680,11.464221,0.250000
468,479,10.511,-3.1875870,55.9465990,-3.1874790,55.9465260,11.946144,0.250000
469,485,14.349,-3.1875860,55.9451380,-3.1873640,55.9451730,10.807967,0.250000
470,474,5.860,-3.1875760,55.9464750,-3.1875420,55.9464260,10.315868,0.250000
471,477,9.745,-3.1875750,55.9462510,-3.1875150,55.9461700,10.112807,0.250000
473,506,30.023,-3.1875590,55.9449610,-3.1870970,55.9450380,11.269033,0.375000
474,478,8.917,-3.1875420,55.9464260,-3.1874990,55.9463500,11.724451,0.375000
475,483,9.837,-3.1875400,55.9459720,-3.1873830,55.9459810,10.133325,0.500000
476,483,10.330,-3.1875190,55.9459270,-3.1873830,55.9459810,8.306832,0.500000
477,483,22.527,-3.1875150,55.9461700,-3.1873830,55.9459810,8.883146,0.625000
478,487,24.501,-3.1874990,55.9463500,-3.1873370,55.9461490,10.461417,0.375000
479,482,11.359,-3.1874790,55.9465260,-3.1874040,55.9464330,10.778966,0.250000
480,481,6.371,-3.1874710,55.9472690,-3.1874420,55.9472140,10.189798,0.250000
481,524,31.824,-3.1874420,55.9472140,-3.1869520,55.9472970,10.715826,0.500000
482,493,28.966,-3.1874040,55.9464330,-3.1872280,55.9461920,9.694174,0.375000
483,490,9.999,-3.1873830,55.9459810,-3.1872350,55.9460150,7.594738,0.750000
483,497,33.672,-3.1873830,55.9459810,-3.1871740,55.9457020,8.262245,0.625000
484,485,2.329,-3.1873750,55.9451930,-3.1873640,55.9451730,12.720151,0.250000
484,492,9.241,-3.1873750,55.9451930,-3.1872320,55.9452160,9.104968,0.375000
486,488,6.273,-3.1873400,55.9469720,-3.1873070,55.9469190,9.977272,0.375000
486,593,83.463,-3.1873400,55.9469720,-3.1860560,55.9471890,12.830964,0.250000
487,490,16.138,-3.1873370,55.9461490,-3.1872350,55.9460150,9.282828,0.375000
488,491,13.761,-3.1873070,55.9469190,-3.1872350,55.9468020,11.972158,0.250000
489,492,2.918,-3.1872450,55.9452420,-3.1872320,55.9452160,9.649889,0.375000
489,496,2.513,-3.1872450,55.9452420,-3.1872070,55.9452480,13.072784,0.250000
490,499,10.967,-3.1872350,55.9460150,-3.1871650,55.9459250,8.649818,0.500000
491,502,23.354,-3.1872350,55.9468020,-3.1871140,55.9466030,12.523081,0.125000
492,501,7.142,-3.1872320,55.9452160,-3.1871220,55.9452340,8.498691,0.500000
493,511,28.969,-3.1872280,55.9461920,-3.1870510,55.9459510,8.701284,0.625000
493,523,18.703,-3.1872280,55.9461920,-3.1869520,55.9462580,11.575167,0.375000
494,498,3.910,-3.1872250,55.9455190,-3.1871680,55.9455340,11.132904,0.375000
494,509,23.399,-3.1872250,55.9455190,-3.1870770,55.9453260,11.286895,0.250000
495,498,7.837,-3.1872220,55.9455980,-3.1871680,55.9455340,9.564509,0.500000
495,503,7.037,-3.1872220,55.9455980,-3.1871130,55.9456150,9.764123,0.500000
496,500,4.629,-3.1872070,55.9452480,-3.1871350,55.9452600,11.900907,0.250000
497,503,10.326,-3.1871740,55.9457020,-3.1871130,55.9456150,10.950408,0.375000
498,504,3.849,-3.1871680,55.9455340,-3.1871120,55.9455480,10.658986,0.375000
499,508,12.141,-3.1871650,55.9459250,-3.1870920,55.9458240,9.549682,0.375000
499,511,7.656,-3.1871650,55.9459250,-3.1870510,55.9459510,8.122994,0.625000
500,507,5.576,-3.1871350,55.9452600,-3.1870960,55.9453050,10.566215,0.250000
501,520,21.635,-3.1871220,55.9452340,-3.1869790,55.9450570,9.064410,0.500000
501,530,14.989,-3.1871220,55.9452340,-3.1869040,55.9452920,9.689522,0.375000
503,522,9.953,-3.1871130,55.9456150,-3.1869610,55.9456440,8.878832,0.625000
504,514,10.656,-3.1871120,55.9455480,-3.1870410,55.9454610,10.078686,0.250000
505,510,6.569,-3.1871060,55.9476250,-3.1870760,55.9475690,10.584610,0.250000
505,534,15.036,-3.1871060,55.9476250,-3.1868750,55.9476650,9.720260,0.375000
506,512,10.975,-3.1870970,55.9450380,-3.1870470,55.9449430,9.517837,0.500000
506,520,7.670,-3.1870970,55.9450380,-3.1869790,55.9450570,9.619666,0.500000
507,509,2.639,-3.1870960,55.9453050,-3.1870770,55.9453260,13.028282,0.250000
508,515,9.022,-3.1870920,55.9458240,-3.1870370,55.9457490,11.485095,0.250000
511,518,2.848,-3.1870510,55.9459510,-3.1870090,55.9459600,8.763497,0.500000
511,541,33.432,-3.1870510,55.9459510,-3.1868500,55.9456720,8.526757,0.625000
512,513,1.240,-3.1870470,55.9449430,-3.1870420,55.9449320,10.810162,0.375000
512,531,9.334,-3.1870470,55.9449430,-3.1869020,55.9449640,9.883965,0.500000
513,527,26.829,-3.1870420,55.9449320,-3.1869200,55.9447010,12.809985,0.250000
514,516,2.076,-3.1870410,55.9454610,-3.1870270,55.9454440,10.078764,0.375000
515,522,12.598,-3.1870370,55.9457490,-3.1869610,55.9456440,8.776980,0.500000
516,517,2.074,-3.1870270,55.9454440,-3.1870140,55.9454270,9.621819,0.375000
516,539,11.817,-3.1870270,55.9454440,-3.1868540,55.9454870,10.529405,0.500000
517,521,6.920,-3.1870140,55.9454270,-3.1869680,55.9453700,10.667885,0.250000
518,537,9.588,-3.1870090,55.9459600,-3.1868660,55.9459930,12.389946,0.125000
519,524,6.243,-3.1869810,55.9473510,-3.1869520,55.9472970,10.876638,0.250000
520,531,11.388,-3.1869790,55.9450570,-3.1869020,55.9449640,10.192378,0.500000
521,525,4.775,-3.1869680,55.9453700,-3.1869360,55.9453310,10.783852,0.375000
522,528,8.089,-3.1869610,55.9456440,-3.1869150,55.9455760,10.316887,0.500000
522,541,7.622,-3.1869610,55.9456440,-3.1868500,55.9456720,9.383370,0.625000
523,526,1.111,-3.1869520,55.9462580,-3.1869350,55.9462620,11.344187,0.250000
524,557,14.304,-3.1869520,55.9472970,-3.1867330,55.9473350,9.624980,0.375000
525,530,4.785,-3.1869360,55.9453310,-3.1869040,55.9452920,9.543956,0.375000
525,551,11.021,-3.1869360,55.9453310,-3.1867740,55.9453710,10.393544,0.500000
526,535,4.250,-3.1869350,55.9462620,-3.1868740,55.9462790,12.808261,0.250000
527,536,3.356,-3.1869200,55.9447010,-3.1868690,55.9447100,10.494416,0.250000
528,532,6.505,-3.1869150,55.9455760,-3.1868770,55.9455210,11.350857,0.250000
529,548,7.138,-3.1869140,55.9475580,-3.1868040,55.9475760,12.288518,0.125000
531,553,20.492,-3.1869020,55.9449640,-3.1867640,55.9447970,9.135771,0.375000
532,539,4.098,-3.1868770,55.9455210,-3.1868540,55.9454870,11.315648,0.375000
533,552,7.058,-3.1868750,55.9474860,-3.1867660,55.9475040,13.072671,0.125000
534,538,0.755,-3.1868750,55.9476650,-3.1868630,55.9476640,10.533158,0.250000
535,583,23.694,-3.1868740,55.9462790,-3.1865150,55.9463500,12.737626,0.250000
536,547,3.686,-3.1868690,55.9447100,-3.1868120,55.9447190,12.999040,0.250000
538,540,0.720,-3.1868630,55.9476640,-3.1868520,55.9476630,12.210503,0.250000
539,551,13.737,-3.1868540,55.9454870,-3.1867740,55.9453710,9.282802,0.500000
540,543,1.006,-3.1868520,55.9476630,-3.1868370,55.9476590,13.106727,0.250000
541,592,39.060,-3.1868500,55.9456720,-3.1862790,55.9458170,11.476392,0.250000
542,558,7.224,-3.1868400,55.9474140,-3.1867310,55.9474360,13.967032,0.125000
543,544,0.963,-3.1868370,55.9476590,-3.1868260,55.9476530,10.819253,0.250000
544,545,0.710,-3.1868260,55.9476530,-3.1868190,55.9476480,10.915557,0.250000
545,546,0.746,-3.1868190,55.9476480,-3.1868130,55.9476420,11.566358,0.250000
546,549,3.616,-3.1868130,55.9476420,-3.1867960,55.9476110,12.586307,0.250000
547,555,3.884,-3.1868120,55.9447190,-3.1867520,55.9447300,10.800740,0.250000
548,550,1.532,-3.1868040,55.9475760,-3.1867800,55.9475800,8.723982,0.500000
549,550,3.551,-3.1867960,55.9476110,-3.1867800,55.9475800,10.804054,0.500000
550,554,1.730,-3.1867800,55.9475800,-3.1867540,55.9475850,9.582926,0.500000
550,556,8.332,-3.1867800,55.9475800,-3.1867420,55.9475080,7.496431,0.750000
551,576,26.794,-3.1867740,55.9453710,-3.1866200,55.9451460,10.200034,0.375000
552,556,1.598,-3.1867660,55.9475040,-3.1867420,55.9475080,8.793058,0.500000
553,571,6.256,-3.1867640,55.9447970,-3.1866740,55.9448220,12.859327,0.250000
554,572,5.451,-3.1867540,55.9475850,-3.1866700,55.9475990,11.993752,0.250000
555,574,7.887,-3.1867520,55.9447300,-3.1866310,55.9447500,12.127058,0.250000
556,559,1.487,-3.1867420,55.9475080,-3.1867190,55.9475120,9.244765,0.500000
556,561,7.938,-3.1867420,55.9475080,-3.1867050,55.9474400,7.141253,0.750000
557,560,1.060,-3.1867330,55.9473350,-3.1867170,55.9473380,10.955203,0.250000
558,561,1.664,-3.1867310,55.9474360,-3.1867050,55.9474400,9.500051,0.500000
559,589,19.795,-3.1867190,55.9475120,-3.1864140,55.9475630,14.095210,0.125000
560,562,0.990,-3.1867170,55.9473380,-3.1867030,55.9473430,10.477752,0.250000
561,565,1.364,-3.1867050,55.9474400,-3.1866840,55.9474440,9.086839,0.500000
561,567,5.780,-3.1867050,55.9474400,-3.1866790,55.9473900,10.214550,0.500000
562,563,0.853,-3.1867030,55.9473430,-3.1866930,55.9473480,11.884515,0.250000
563,564,0.737,-3.1866930,55.9473480,-3.1866860,55.9473530,11.146539,0.250000
564,566,0.846,-3.1866860,55.9473530,-3.1866800,55.9473600,11.316727,0.250000
565,579,5.622,-3.1866840,55.9474440,-3.1865980,55.9474580,13.014286,0.250000
566,568,0.757,-3.1866800,55.9473600,-3.1866760,55.9473670,13.125547,0.250000
567,570,1.276,-3.1866790,55.9473900,-3.1866750,55.9473790,10.444845,0.250000
568,569,0.740,-3.1866760,55.9473670,-3.1866750,55.9473730,11.785392,0.250000
569,570,0.656,-3.1866750,55.9473730,-3.1866750,55.9473790,10.675304,0.250000
571,577,3.923,-3.1866740,55.9448220,-3.1866170,55.9448370,12.000121,0.250000
572,586,12.731,-3.1866700,55.9475990,-3.1864740,55.9476320,14.001528,0.125000
573,585,10.429,-3.1866370,55.9479680,-3.1864770,55.9479950,12.267897,0.125000
574,584,9.921,-3.1866310,55.9447500,-3.1864790,55.9447770,12.250756,0.250000
575,577,1.923,-3.1866310,55.9448530,-3.1866170,55.9448370,11.223144,0.250000
575,578,0.974,-3.1866310,55.9448530,-3.1866170,55.9448570,12.555028,0.250000
576,582,15.884,-3.1866200,55.9451460,-3.1865210,55.9450150,10.347660,0.250000
578,580,3.874,-3.1866170,55.9448570,-3.1865610,55.9448720,10.071812,0.250000
579,590,13.040,-3.1865980,55.9474580,-3.1863970,55.9474920,11.301829,0.125000
580,581,1.934,-3.1865610,55.9448720,-3.1865480,55.9448560,11.060045,0.250000
581,584,9.870,-3.1865480,55.9448560,-3.1864790,55.9447770,10.825130,0.250000
582,588,11.337,-3.1865210,55.9450150,-3.1864510,55.9449210,11.666384,0.250000
583,587,4.205,-3.1865150,55.9463500,-3.1864530,55.9463650,14.316390,0.125000
588,591,26.439,-3.1864510,55.9449210,-3.1862860,55.9447020,13.720885,0.125000
